record_id,name,email,country,joined_on,plan
 c00001 , Demo   Contact 0001 , CONTACT0001@EXAMPLE.TEST ,United Kingdom,2025-02-02,PRO
 c00002 , Demo   Contact 0002 , CONTACT0002@EXAMPLE.TEST ,China,2025-03-03,enterprise
 c00003 , Demo   Contact 0003 , CONTACT0003@EXAMPLE.TEST ,UAE,2025-04-04, Basic 
 c00004 , Demo   Contact 0004 , CONTACT0004@EXAMPLE.TEST , USA ,2025-05-05,PRO
 c00005 , Demo   Contact 0005 , CONTACT0005@EXAMPLE.TEST ,United Kingdom,2025-06-06,enterprise
 c00006 , Demo   Contact 0006 , CONTACT0006@EXAMPLE.TEST ,China,2025-07-07, Basic 
 c00007 , Demo   Contact 0007 , CONTACT0007@EXAMPLE.TEST ,UAE,2025-08-08,PRO
 c00008 , Demo   Contact 0008 , CONTACT0008@EXAMPLE.TEST , USA ,2025-09-09,enterprise
 c00009 , Demo   Contact 0009 , CONTACT0009@EXAMPLE.TEST ,United Kingdom,2025-10-10, Basic 
 c00010 , Demo   Contact 0010 , CONTACT0010@EXAMPLE.TEST ,China,2025-11-11,PRO
 c00011 , Demo   Contact 0011 , CONTACT0011@EXAMPLE.TEST ,UAE,2025-12-12,enterprise
 c00012 , Demo   Contact 0012 , CONTACT0012@EXAMPLE.TEST , USA ,2025-01-13, Basic 
 c00013 , Demo   Contact 0013 , CONTACT0013@EXAMPLE.TEST ,United Kingdom,2025-02-14,PRO
 c00014 , Demo   Contact 0014 , CONTACT0014@EXAMPLE.TEST ,China,2025-03-15,enterprise
 c00015 , Demo   Contact 0015 , CONTACT0015@EXAMPLE.TEST ,UAE,2025-04-16, Basic 
 c00016 , Demo   Contact 0016 , CONTACT0016@EXAMPLE.TEST , USA ,2025-05-17,PRO
 c00017 , Demo   Contact 0017 , CONTACT0017@EXAMPLE.TEST ,United Kingdom,2025-06-18,enterprise
 c00018 , Demo   Contact 0018 , CONTACT0018@EXAMPLE.TEST ,China,2025-07-19, Basic 
 c00019 , Demo   Contact 0019 , CONTACT0019@EXAMPLE.TEST ,UAE,2025-08-20,PRO
 c00020 , Demo   Contact 0020 , CONTACT0020@EXAMPLE.TEST , USA ,2025-09-21,enterprise
 c00021 , Demo   Contact 0021 , CONTACT0021@EXAMPLE.TEST ,United Kingdom,2025-10-22, Basic 
 c00022 , Demo   Contact 0022 , CONTACT0022@EXAMPLE.TEST ,China,2025-11-23,PRO
 c00023 , Demo   Contact 0023 , CONTACT0023@EXAMPLE.TEST ,UAE,2025-12-24,enterprise
 c00024 , Demo   Contact 0024 , CONTACT0024@EXAMPLE.TEST , USA ,2025-01-25, Basic 
 c00025 , Demo   Contact 0025 , CONTACT0025@EXAMPLE.TEST ,United Kingdom,2025-02-26,PRO
 c00026 , Demo   Contact 0026 , CONTACT0026@EXAMPLE.TEST ,China,2025-03-27,enterprise
 c00027 , Demo   Contact 0027 , CONTACT0027@EXAMPLE.TEST ,UAE,2025-04-28, Basic 
 c00028 , Demo   Contact 0028 , CONTACT0028@EXAMPLE.TEST , USA ,2025-05-01,PRO
 c00029 , Demo   Contact 0029 , CONTACT0029@EXAMPLE.TEST ,United Kingdom,2025-06-02,enterprise
 c00030 , Demo   Contact 0030 , CONTACT0030@EXAMPLE.TEST ,China,2025-07-03, Basic 
 c00031 , Demo   Contact 0031 , CONTACT0031@EXAMPLE.TEST ,UAE,2025-08-04,PRO
 c00032 , Demo   Contact 0032 , CONTACT0032@EXAMPLE.TEST , USA ,2025-09-05,enterprise
 c00033 , Demo   Contact 0033 , CONTACT0033@EXAMPLE.TEST ,United Kingdom,2025-10-06, Basic 
 c00034 , Demo   Contact 0034 , CONTACT0034@EXAMPLE.TEST ,China,2025-11-07,PRO
 c00035 , Demo   Contact 0035 , CONTACT0035@EXAMPLE.TEST ,UAE,2025-12-08,enterprise
 c00036 , Demo   Contact 0036 , CONTACT0036@EXAMPLE.TEST , USA ,2025-01-09, Basic 
 c00037 , Demo   Contact 0037 , CONTACT0037@EXAMPLE.TEST ,United Kingdom,2025-02-10,PRO
 c00038 , Demo   Contact 0038 , CONTACT0038@EXAMPLE.TEST ,China,2025-03-11,enterprise
 c00039 , Demo   Contact 0039 , CONTACT0039@EXAMPLE.TEST ,UAE,2025-04-12, Basic 
 c00040 , Demo   Contact 0040 , CONTACT0040@EXAMPLE.TEST , USA ,2025-05-13,PRO
 c00041 , Demo   Contact 0041 , CONTACT0041@EXAMPLE.TEST ,United Kingdom,2025-06-14,enterprise
 c00042 , Demo   Contact 0042 , CONTACT0042@EXAMPLE.TEST ,China,2025-07-15, Basic 
 c00043 , Demo   Contact 0043 , CONTACT0043@EXAMPLE.TEST ,UAE,2025-08-16,PRO
 c00044 , Demo   Contact 0044 , CONTACT0044@EXAMPLE.TEST , USA ,2025-09-17,enterprise
 c00045 , Demo   Contact 0045 , CONTACT0045@EXAMPLE.TEST ,United Kingdom,2025-10-18, Basic 
 c00046 , Demo   Contact 0046 , CONTACT0046@EXAMPLE.TEST ,China,2025-11-19,PRO
 c00047 , Demo   Contact 0047 , CONTACT0047@EXAMPLE.TEST ,UAE,2025-12-20,enterprise
 c00048 , Demo   Contact 0048 , CONTACT0048@EXAMPLE.TEST , USA ,2025-01-21, Basic 
 c00049 , Demo   Contact 0049 , CONTACT0049@EXAMPLE.TEST ,United Kingdom,2025-02-22,PRO
 c00050 , Demo   Contact 0050 , CONTACT0050@EXAMPLE.TEST ,China,2025-03-23,enterprise
 c00051 , Demo   Contact 0051 , CONTACT0051@EXAMPLE.TEST ,UAE,2025-04-24, Basic 
 c00052 , Demo   Contact 0052 , CONTACT0052@EXAMPLE.TEST , USA ,2025-05-25,PRO
 c00053 , Demo   Contact 0053 , CONTACT0053@EXAMPLE.TEST ,United Kingdom,2025-06-26,enterprise
 c00054 , Demo   Contact 0054 , CONTACT0054@EXAMPLE.TEST ,China,2025-07-27, Basic 
 c00055 , Demo   Contact 0055 , CONTACT0055@EXAMPLE.TEST ,UAE,2025-08-28,PRO
 c00056 , Demo   Contact 0056 , CONTACT0056@EXAMPLE.TEST , USA ,2025-09-01,enterprise
 c00057 , Demo   Contact 0057 , CONTACT0057@EXAMPLE.TEST ,United Kingdom,2025-10-02, Basic 
 c00058 , Demo   Contact 0058 , CONTACT0058@EXAMPLE.TEST ,China,2025-11-03,PRO
 c00059 , Demo   Contact 0059 , CONTACT0059@EXAMPLE.TEST ,UAE,2025-12-04,enterprise
 c00060 , Demo   Contact 0060 , CONTACT0060@EXAMPLE.TEST , USA ,2025-01-05, Basic 
 c00061 , Demo   Contact 0061 , CONTACT0061@EXAMPLE.TEST ,United Kingdom,2025-02-06,PRO
 c00062 , Demo   Contact 0062 , CONTACT0062@EXAMPLE.TEST ,China,2025-03-07,enterprise
 c00063 , Demo   Contact 0063 , CONTACT0063@EXAMPLE.TEST ,UAE,2025-04-08, Basic 
 c00064 , Demo   Contact 0064 , CONTACT0064@EXAMPLE.TEST , USA ,2025-05-09,PRO
 c00065 , Demo   Contact 0065 , CONTACT0065@EXAMPLE.TEST ,United Kingdom,2025-06-10,enterprise
 c00066 , Demo   Contact 0066 , CONTACT0066@EXAMPLE.TEST ,China,2025-07-11, Basic 
 c00067 , Demo   Contact 0067 , CONTACT0067@EXAMPLE.TEST ,UAE,2025-08-12,PRO
 c00068 , Demo   Contact 0068 , CONTACT0068@EXAMPLE.TEST , USA ,2025-09-13,enterprise
 c00069 , Demo   Contact 0069 , CONTACT0069@EXAMPLE.TEST ,United Kingdom,2025-10-14, Basic 
 c00070 , Demo   Contact 0070 , CONTACT0070@EXAMPLE.TEST ,China,2025-11-15,PRO
 c00071 , Demo   Contact 0071 , CONTACT0071@EXAMPLE.TEST ,UAE,2025-12-16,enterprise
 c00072 , Demo   Contact 0072 , CONTACT0072@EXAMPLE.TEST , USA ,2025-01-17, Basic 
 c00073 , Demo   Contact 0073 , CONTACT0073@EXAMPLE.TEST ,United Kingdom,2025-02-18,PRO
 c00074 , Demo   Contact 0074 , CONTACT0074@EXAMPLE.TEST ,China,2025-03-19,enterprise
 c00075 , Demo   Contact 0075 , CONTACT0075@EXAMPLE.TEST ,UAE,2025-04-20, Basic 
 c00076 , Demo   Contact 0076 , CONTACT0076@EXAMPLE.TEST , USA ,2025-05-21,PRO
 c00077 , Demo   Contact 0077 , CONTACT0077@EXAMPLE.TEST ,United Kingdom,2025-06-22,enterprise
 c00078 , Demo   Contact 0078 , CONTACT0078@EXAMPLE.TEST ,China,2025-07-23, Basic 
 c00079 , Demo   Contact 0079 , CONTACT0079@EXAMPLE.TEST ,UAE,2025-08-24,PRO
 c00080 , Demo   Contact 0080 , CONTACT0080@EXAMPLE.TEST , USA ,2025-09-25,enterprise
 c00081 , Demo   Contact 0081 , CONTACT0081@EXAMPLE.TEST ,United Kingdom,2025-10-26, Basic 
 c00082 , Demo   Contact 0082 , CONTACT0082@EXAMPLE.TEST ,China,2025-11-27,PRO
 c00083 , Demo   Contact 0083 , CONTACT0083@EXAMPLE.TEST ,UAE,2025-12-28,enterprise
 c00084 , Demo   Contact 0084 , CONTACT0084@EXAMPLE.TEST , USA ,2025-01-01, Basic 
 c00085 , Demo   Contact 0085 , CONTACT0085@EXAMPLE.TEST ,United Kingdom,2025-02-02,PRO
 c00086 , Demo   Contact 0086 , CONTACT0086@EXAMPLE.TEST ,China,2025-03-03,enterprise
 c00087 , Demo   Contact 0087 , CONTACT0087@EXAMPLE.TEST ,UAE,2025-04-04, Basic 
 c00088 , Demo   Contact 0088 , CONTACT0088@EXAMPLE.TEST , USA ,2025-05-05,PRO
 c00089 , Demo   Contact 0089 , CONTACT0089@EXAMPLE.TEST ,United Kingdom,2025-06-06,enterprise
 c00090 , Demo   Contact 0090 , CONTACT0090@EXAMPLE.TEST ,China,2025-07-07, Basic 
 c00091 , Demo   Contact 0091 , CONTACT0091@EXAMPLE.TEST ,UAE,2025-08-08,PRO
 c00092 , Demo   Contact 0092 , CONTACT0092@EXAMPLE.TEST , USA ,2025-09-09,enterprise
 c00093 , Demo   Contact 0093 , CONTACT0093@EXAMPLE.TEST ,United Kingdom,2025-10-10, Basic 
 c00094 , Demo   Contact 0094 , CONTACT0094@EXAMPLE.TEST ,China,2025-11-11,PRO
 c00095 , Demo   Contact 0095 , CONTACT0095@EXAMPLE.TEST ,UAE,2025-12-12,enterprise
 c00096 , Demo   Contact 0096 , CONTACT0096@EXAMPLE.TEST , USA ,2025-01-13, Basic 
 c00097 , Demo   Contact 0097 , CONTACT0097@EXAMPLE.TEST ,United Kingdom,2025-02-14,PRO
 c00098 , Demo   Contact 0098 , CONTACT0098@EXAMPLE.TEST ,China,2025-03-15,enterprise
 c00099 , Demo   Contact 0099 , CONTACT0099@EXAMPLE.TEST ,UAE,2025-04-16, Basic 
 c00100 , Demo   Contact 0100 , CONTACT0100@EXAMPLE.TEST , USA ,2025-05-17,PRO
 c00101 , Demo   Contact 0101 , CONTACT0101@EXAMPLE.TEST ,United Kingdom,2025-06-18,enterprise
 c00102 , Demo   Contact 0102 , CONTACT0102@EXAMPLE.TEST ,China,2025-07-19, Basic 
 c00103 , Demo   Contact 0103 , CONTACT0103@EXAMPLE.TEST ,UAE,2025-08-20,PRO
 c00104 , Demo   Contact 0104 , CONTACT0104@EXAMPLE.TEST , USA ,2025-09-21,enterprise
 c00105 , Demo   Contact 0105 , CONTACT0105@EXAMPLE.TEST ,United Kingdom,2025-10-22, Basic 
 c00106 , Demo   Contact 0106 , CONTACT0106@EXAMPLE.TEST ,China,2025-11-23,PRO
 c00107 , Demo   Contact 0107 , CONTACT0107@EXAMPLE.TEST ,UAE,2025-12-24,enterprise
 c00108 , Demo   Contact 0108 , CONTACT0108@EXAMPLE.TEST , USA ,2025-01-25, Basic 
 c00109 , Demo   Contact 0109 , CONTACT0109@EXAMPLE.TEST ,United Kingdom,2025-02-26,PRO
 c00110 , Demo   Contact 0110 , CONTACT0110@EXAMPLE.TEST ,China,2025-03-27,enterprise
 c00111 , Demo   Contact 0111 , CONTACT0111@EXAMPLE.TEST ,UAE,2025-04-28, Basic 
 c00112 , Demo   Contact 0112 , CONTACT0112@EXAMPLE.TEST , USA ,2025-05-01,PRO
 c00113 , Demo   Contact 0113 , CONTACT0113@EXAMPLE.TEST ,United Kingdom,2025-06-02,enterprise
 c00114 , Demo   Contact 0114 , CONTACT0114@EXAMPLE.TEST ,China,2025-07-03, Basic 
 c00115 , Demo   Contact 0115 , CONTACT0115@EXAMPLE.TEST ,UAE,2025-08-04,PRO
 c00116 , Demo   Contact 0116 , CONTACT0116@EXAMPLE.TEST , USA ,2025-09-05,enterprise
 c00117 , Demo   Contact 0117 , CONTACT0117@EXAMPLE.TEST ,United Kingdom,2025-10-06, Basic 
 c00118 , Demo   Contact 0118 , CONTACT0118@EXAMPLE.TEST ,China,2025-11-07,PRO
 c00119 , Demo   Contact 0119 , CONTACT0119@EXAMPLE.TEST ,UAE,2025-12-08,enterprise
 c00120 , Demo   Contact 0120 , CONTACT0120@EXAMPLE.TEST , USA ,2025-01-09, Basic 
 c00121 , Demo   Contact 0121 , CONTACT0121@EXAMPLE.TEST ,United Kingdom,2025-02-10,PRO
 c00122 , Demo   Contact 0122 , CONTACT0122@EXAMPLE.TEST ,China,2025-03-11,enterprise
 c00123 , Demo   Contact 0123 , CONTACT0123@EXAMPLE.TEST ,UAE,2025-04-12, Basic 
 c00124 , Demo   Contact 0124 , CONTACT0124@EXAMPLE.TEST , USA ,2025-05-13,PRO
 c00125 , Demo   Contact 0125 , CONTACT0125@EXAMPLE.TEST ,United Kingdom,2025-06-14,enterprise
 c00126 , Demo   Contact 0126 , CONTACT0126@EXAMPLE.TEST ,China,2025-07-15, Basic 
 c00127 , Demo   Contact 0127 , CONTACT0127@EXAMPLE.TEST ,UAE,2025-08-16,PRO
 c00128 , Demo   Contact 0128 , CONTACT0128@EXAMPLE.TEST , USA ,2025-09-17,enterprise
 c00129 , Demo   Contact 0129 , CONTACT0129@EXAMPLE.TEST ,United Kingdom,2025-10-18, Basic 
 c00130 , Demo   Contact 0130 , CONTACT0130@EXAMPLE.TEST ,China,2025-11-19,PRO
 c00131 , Demo   Contact 0131 , CONTACT0131@EXAMPLE.TEST ,UAE,2025-12-20,enterprise
 c00132 , Demo   Contact 0132 , CONTACT0132@EXAMPLE.TEST , USA ,2025-01-21, Basic 
 c00133 , Demo   Contact 0133 , CONTACT0133@EXAMPLE.TEST ,United Kingdom,2025-02-22,PRO
 c00134 , Demo   Contact 0134 , CONTACT0134@EXAMPLE.TEST ,China,2025-03-23,enterprise
 c00135 , Demo   Contact 0135 , CONTACT0135@EXAMPLE.TEST ,UAE,2025-04-24, Basic 
 c00136 , Demo   Contact 0136 , CONTACT0136@EXAMPLE.TEST , USA ,2025-05-25,PRO
 c00137 , Demo   Contact 0137 , CONTACT0137@EXAMPLE.TEST ,United Kingdom,2025-06-26,enterprise
 c00138 , Demo   Contact 0138 , CONTACT0138@EXAMPLE.TEST ,China,2025-07-27, Basic 
 c00139 , Demo   Contact 0139 , CONTACT0139@EXAMPLE.TEST ,UAE,2025-08-28,PRO
 c00140 , Demo   Contact 0140 , CONTACT0140@EXAMPLE.TEST , USA ,2025-09-01,enterprise
 c00141 , Demo   Contact 0141 , CONTACT0141@EXAMPLE.TEST ,United Kingdom,2025-10-02, Basic 
 c00142 , Demo   Contact 0142 , CONTACT0142@EXAMPLE.TEST ,China,2025-11-03,PRO
 c00143 , Demo   Contact 0143 , CONTACT0143@EXAMPLE.TEST ,UAE,2025-12-04,enterprise
 c00144 , Demo   Contact 0144 , CONTACT0144@EXAMPLE.TEST , USA ,2025-01-05, Basic 
 c00145 , Demo   Contact 0145 , CONTACT0145@EXAMPLE.TEST ,United Kingdom,2025-02-06,PRO
 c00146 , Demo   Contact 0146 , CONTACT0146@EXAMPLE.TEST ,China,2025-03-07,enterprise
 c00147 , Demo   Contact 0147 , CONTACT0147@EXAMPLE.TEST ,UAE,2025-04-08, Basic 
 c00148 , Demo   Contact 0148 , CONTACT0148@EXAMPLE.TEST , USA ,2025-05-09,PRO
 c00149 , Demo   Contact 0149 , CONTACT0149@EXAMPLE.TEST ,United Kingdom,2025-06-10,enterprise
 c00150 , Demo   Contact 0150 , CONTACT0150@EXAMPLE.TEST ,China,2025-07-11, Basic 
 c00151 , Demo   Contact 0151 , CONTACT0151@EXAMPLE.TEST ,UAE,2025-08-12,PRO
 c00152 , Demo   Contact 0152 , CONTACT0152@EXAMPLE.TEST , USA ,2025-09-13,enterprise
 c00153 , Demo   Contact 0153 , CONTACT0153@EXAMPLE.TEST ,United Kingdom,2025-10-14, Basic 
 c00154 , Demo   Contact 0154 , CONTACT0154@EXAMPLE.TEST ,China,2025-11-15,PRO
 c00155 , Demo   Contact 0155 , CONTACT0155@EXAMPLE.TEST ,UAE,2025-12-16,enterprise
 c00156 , Demo   Contact 0156 , CONTACT0156@EXAMPLE.TEST , USA ,2025-01-17, Basic 
 c00157 , Demo   Contact 0157 , CONTACT0157@EXAMPLE.TEST ,United Kingdom,2025-02-18,PRO
 c00158 , Demo   Contact 0158 , CONTACT0158@EXAMPLE.TEST ,China,2025-03-19,enterprise
 c00159 , Demo   Contact 0159 , CONTACT0159@EXAMPLE.TEST ,UAE,2025-04-20, Basic 
 c00160 , Demo   Contact 0160 , CONTACT0160@EXAMPLE.TEST , USA ,2025-05-21,PRO
 c00161 , Demo   Contact 0161 , CONTACT0161@EXAMPLE.TEST ,United Kingdom,2025-06-22,enterprise
 c00162 , Demo   Contact 0162 , CONTACT0162@EXAMPLE.TEST ,China,2025-07-23, Basic 
 c00163 , Demo   Contact 0163 , CONTACT0163@EXAMPLE.TEST ,UAE,2025-08-24,PRO
 c00164 , Demo   Contact 0164 , CONTACT0164@EXAMPLE.TEST , USA ,2025-09-25,enterprise
 c00165 , Demo   Contact 0165 , CONTACT0165@EXAMPLE.TEST ,United Kingdom,2025-10-26, Basic 
 c00166 , Demo   Contact 0166 , CONTACT0166@EXAMPLE.TEST ,China,2025-11-27,PRO
 c00167 , Demo   Contact 0167 , CONTACT0167@EXAMPLE.TEST ,UAE,2025-12-28,enterprise
 c00168 , Demo   Contact 0168 , CONTACT0168@EXAMPLE.TEST , USA ,2025-01-01, Basic 
 c00169 , Demo   Contact 0169 , CONTACT0169@EXAMPLE.TEST ,United Kingdom,2025-02-02,PRO
 c00170 , Demo   Contact 0170 , CONTACT0170@EXAMPLE.TEST ,China,2025-03-03,enterprise
 c00171 , Demo   Contact 0171 , CONTACT0171@EXAMPLE.TEST ,UAE,2025-04-04, Basic 
 c00172 , Demo   Contact 0172 , CONTACT0172@EXAMPLE.TEST , USA ,2025-05-05,PRO
 c00173 , Demo   Contact 0173 , CONTACT0173@EXAMPLE.TEST ,United Kingdom,2025-06-06,enterprise
 c00174 , Demo   Contact 0174 , CONTACT0174@EXAMPLE.TEST ,China,2025-07-07, Basic 
 c00175 , Demo   Contact 0175 , CONTACT0175@EXAMPLE.TEST ,UAE,2025-08-08,PRO
 c00176 , Demo   Contact 0176 , CONTACT0176@EXAMPLE.TEST , USA ,2025-09-09,enterprise
 c00177 , Demo   Contact 0177 , CONTACT0177@EXAMPLE.TEST ,United Kingdom,2025-10-10, Basic 
 c00178 , Demo   Contact 0178 , CONTACT0178@EXAMPLE.TEST ,China,2025-11-11,PRO
 c00179 , Demo   Contact 0179 , CONTACT0179@EXAMPLE.TEST ,UAE,2025-12-12,enterprise
 c00180 , Demo   Contact 0180 , CONTACT0180@EXAMPLE.TEST , USA ,2025-01-13, Basic 
 c00181 , Demo   Contact 0181 , CONTACT0181@EXAMPLE.TEST ,United Kingdom,2025-02-14,PRO
 c00182 , Demo   Contact 0182 , CONTACT0182@EXAMPLE.TEST ,China,2025-03-15,enterprise
 c00183 , Demo   Contact 0183 , CONTACT0183@EXAMPLE.TEST ,UAE,2025-04-16, Basic 
 c00184 , Demo   Contact 0184 , CONTACT0184@EXAMPLE.TEST , USA ,2025-05-17,PRO
 c00185 , Demo   Contact 0185 , CONTACT0185@EXAMPLE.TEST ,United Kingdom,2025-06-18,enterprise
 c00186 , Demo   Contact 0186 , CONTACT0186@EXAMPLE.TEST ,China,2025-07-19, Basic 
 c00187 , Demo   Contact 0187 , CONTACT0187@EXAMPLE.TEST ,UAE,2025-08-20,PRO
 c00188 , Demo   Contact 0188 , CONTACT0188@EXAMPLE.TEST , USA ,2025-09-21,enterprise
 c00189 , Demo   Contact 0189 , CONTACT0189@EXAMPLE.TEST ,United Kingdom,2025-10-22, Basic 
 c00190 , Demo   Contact 0190 , CONTACT0190@EXAMPLE.TEST ,China,2025-11-23,PRO
 c00191 , Demo   Contact 0191 , CONTACT0191@EXAMPLE.TEST ,UAE,2025-12-24,enterprise
 c00192 , Demo   Contact 0192 , CONTACT0192@EXAMPLE.TEST , USA ,2025-01-25, Basic 
 c00193 , Demo   Contact 0193 , CONTACT0193@EXAMPLE.TEST ,United Kingdom,2025-02-26,PRO
 c00194 , Demo   Contact 0194 , CONTACT0194@EXAMPLE.TEST ,China,2025-03-27,enterprise
 c00195 , Demo   Contact 0195 , CONTACT0195@EXAMPLE.TEST ,UAE,2025-04-28, Basic 
 c00196 , Demo   Contact 0196 , CONTACT0196@EXAMPLE.TEST , USA ,2025-05-01,PRO
 c00197 , Demo   Contact 0197 , CONTACT0197@EXAMPLE.TEST ,United Kingdom,2025-06-02,enterprise
 c00198 , Demo   Contact 0198 , CONTACT0198@EXAMPLE.TEST ,China,2025-07-03, Basic 
 c00199 , Demo   Contact 0199 , CONTACT0199@EXAMPLE.TEST ,UAE,2025-08-04,PRO
 c00200 , Demo   Contact 0200 , CONTACT0200@EXAMPLE.TEST , USA ,2025-09-05,enterprise
 c00201 , Demo   Contact 0201 , CONTACT0201@EXAMPLE.TEST ,United Kingdom,2025-10-06, Basic 
 c00202 , Demo   Contact 0202 , CONTACT0202@EXAMPLE.TEST ,China,2025-11-07,PRO
 c00203 , Demo   Contact 0203 , CONTACT0203@EXAMPLE.TEST ,UAE,2025-12-08,enterprise
 c00204 , Demo   Contact 0204 , CONTACT0204@EXAMPLE.TEST , USA ,2025-01-09, Basic 
 c00205 , Demo   Contact 0205 , CONTACT0205@EXAMPLE.TEST ,United Kingdom,2025-02-10,PRO
 c00206 , Demo   Contact 0206 , CONTACT0206@EXAMPLE.TEST ,China,2025-03-11,enterprise
 c00207 , Demo   Contact 0207 , CONTACT0207@EXAMPLE.TEST ,UAE,2025-04-12, Basic 
 c00208 , Demo   Contact 0208 , CONTACT0208@EXAMPLE.TEST , USA ,2025-05-13,PRO
 c00209 , Demo   Contact 0209 , CONTACT0209@EXAMPLE.TEST ,United Kingdom,2025-06-14,enterprise
 c00210 , Demo   Contact 0210 , CONTACT0210@EXAMPLE.TEST ,China,2025-07-15, Basic 
 c00211 , Demo   Contact 0211 , CONTACT0211@EXAMPLE.TEST ,UAE,2025-08-16,PRO
 c00212 , Demo   Contact 0212 , CONTACT0212@EXAMPLE.TEST , USA ,2025-09-17,enterprise
 c00213 , Demo   Contact 0213 , CONTACT0213@EXAMPLE.TEST ,United Kingdom,2025-10-18, Basic 
 c00214 , Demo   Contact 0214 , CONTACT0214@EXAMPLE.TEST ,China,2025-11-19,PRO
 c00215 , Demo   Contact 0215 , CONTACT0215@EXAMPLE.TEST ,UAE,2025-12-20,enterprise
 c00216 , Demo   Contact 0216 , CONTACT0216@EXAMPLE.TEST , USA ,2025-01-21, Basic 
 c00217 , Demo   Contact 0217 , CONTACT0217@EXAMPLE.TEST ,United Kingdom,2025-02-22,PRO
 c00218 , Demo   Contact 0218 , CONTACT0218@EXAMPLE.TEST ,China,2025-03-23,enterprise
 c00219 , Demo   Contact 0219 , CONTACT0219@EXAMPLE.TEST ,UAE,2025-04-24, Basic 
 c00220 , Demo   Contact 0220 , CONTACT0220@EXAMPLE.TEST , USA ,2025-05-25,PRO
 c00221 , Demo   Contact 0221 , CONTACT0221@EXAMPLE.TEST ,United Kingdom,2025-06-26,enterprise
 c00222 , Demo   Contact 0222 , CONTACT0222@EXAMPLE.TEST ,China,2025-07-27, Basic 
 c00223 , Demo   Contact 0223 , CONTACT0223@EXAMPLE.TEST ,UAE,2025-08-28,PRO
 c00224 , Demo   Contact 0224 , CONTACT0224@EXAMPLE.TEST , USA ,2025-09-01,enterprise
 c00225 , Demo   Contact 0225 , CONTACT0225@EXAMPLE.TEST ,United Kingdom,2025-10-02, Basic 
 c00226 , Demo   Contact 0226 , CONTACT0226@EXAMPLE.TEST ,China,2025-11-03,PRO
 c00227 , Demo   Contact 0227 , CONTACT0227@EXAMPLE.TEST ,UAE,2025-12-04,enterprise
 c00228 , Demo   Contact 0228 , CONTACT0228@EXAMPLE.TEST , USA ,2025-01-05, Basic 
 c00229 , Demo   Contact 0229 , CONTACT0229@EXAMPLE.TEST ,United Kingdom,2025-02-06,PRO
 c00230 , Demo   Contact 0230 , CONTACT0230@EXAMPLE.TEST ,China,2025-03-07,enterprise
 c00231 , Demo   Contact 0231 , CONTACT0231@EXAMPLE.TEST ,UAE,2025-04-08, Basic 
 c00232 , Demo   Contact 0232 , CONTACT0232@EXAMPLE.TEST , USA ,2025-05-09,PRO
 c00233 , Demo   Contact 0233 , CONTACT0233@EXAMPLE.TEST ,United Kingdom,2025-06-10,enterprise
 c00234 , Demo   Contact 0234 , CONTACT0234@EXAMPLE.TEST ,China,2025-07-11, Basic 
 c00235 , Demo   Contact 0235 , CONTACT0235@EXAMPLE.TEST ,UAE,2025-08-12,PRO
 c00236 , Demo   Contact 0236 , CONTACT0236@EXAMPLE.TEST , USA ,2025-09-13,enterprise
 c00237 , Demo   Contact 0237 , CONTACT0237@EXAMPLE.TEST ,United Kingdom,2025-10-14, Basic 
 c00238 , Demo   Contact 0238 , CONTACT0238@EXAMPLE.TEST ,China,2025-11-15,PRO
 c00239 , Demo   Contact 0239 , CONTACT0239@EXAMPLE.TEST ,UAE,2025-12-16,enterprise
 c00240 , Demo   Contact 0240 , CONTACT0240@EXAMPLE.TEST , USA ,2025-01-17, Basic 
 c00241 , Demo   Contact 0241 , CONTACT0241@EXAMPLE.TEST ,United Kingdom,2025-02-18,PRO
 c00242 , Demo   Contact 0242 , CONTACT0242@EXAMPLE.TEST ,China,2025-03-19,enterprise
 c00243 , Demo   Contact 0243 , CONTACT0243@EXAMPLE.TEST ,UAE,2025-04-20, Basic 
 c00244 , Demo   Contact 0244 , CONTACT0244@EXAMPLE.TEST , USA ,2025-05-21,PRO
 c00245 , Demo   Contact 0245 , CONTACT0245@EXAMPLE.TEST ,United Kingdom,2025-06-22,enterprise
 c00246 , Demo   Contact 0246 , CONTACT0246@EXAMPLE.TEST ,China,2025-07-23, Basic 
 c00247 , Demo   Contact 0247 , CONTACT0247@EXAMPLE.TEST ,UAE,2025-08-24,PRO
 c00248 , Demo   Contact 0248 , CONTACT0248@EXAMPLE.TEST , USA ,2025-09-25,enterprise
 c00249 , Demo   Contact 0249 , CONTACT0249@EXAMPLE.TEST ,United Kingdom,2025-10-26, Basic 
 c00250 , Demo   Contact 0250 , CONTACT0250@EXAMPLE.TEST ,China,2025-11-27,PRO
 c00251 , Demo   Contact 0251 , CONTACT0251@EXAMPLE.TEST ,UAE,2025-12-28,enterprise
 c00252 , Demo   Contact 0252 , CONTACT0252@EXAMPLE.TEST , USA ,2025-01-01, Basic 
 c00253 , Demo   Contact 0253 , CONTACT0253@EXAMPLE.TEST ,United Kingdom,2025-02-02,PRO
 c00254 , Demo   Contact 0254 , CONTACT0254@EXAMPLE.TEST ,China,2025-03-03,enterprise
 c00255 , Demo   Contact 0255 , CONTACT0255@EXAMPLE.TEST ,UAE,2025-04-04, Basic 
 c00256 , Demo   Contact 0256 , CONTACT0256@EXAMPLE.TEST , USA ,2025-05-05,PRO
 c00257 , Demo   Contact 0257 , CONTACT0257@EXAMPLE.TEST ,United Kingdom,2025-06-06,enterprise
 c00258 , Demo   Contact 0258 , CONTACT0258@EXAMPLE.TEST ,China,2025-07-07, Basic 
 c00259 , Demo   Contact 0259 , CONTACT0259@EXAMPLE.TEST ,UAE,2025-08-08,PRO
 c00260 , Demo   Contact 0260 , CONTACT0260@EXAMPLE.TEST , USA ,2025-09-09,enterprise
 c00261 , Demo   Contact 0261 , CONTACT0261@EXAMPLE.TEST ,United Kingdom,2025-10-10, Basic 
 c00262 , Demo   Contact 0262 , CONTACT0262@EXAMPLE.TEST ,China,2025-11-11,PRO
 c00263 , Demo   Contact 0263 , CONTACT0263@EXAMPLE.TEST ,UAE,2025-12-12,enterprise
 c00264 , Demo   Contact 0264 , CONTACT0264@EXAMPLE.TEST , USA ,2025-01-13, Basic 
 c00265 , Demo   Contact 0265 , CONTACT0265@EXAMPLE.TEST ,United Kingdom,2025-02-14,PRO
 c00266 , Demo   Contact 0266 , CONTACT0266@EXAMPLE.TEST ,China,2025-03-15,enterprise
 c00267 , Demo   Contact 0267 , CONTACT0267@EXAMPLE.TEST ,UAE,2025-04-16, Basic 
 c00268 , Demo   Contact 0268 , CONTACT0268@EXAMPLE.TEST , USA ,2025-05-17,PRO
 c00269 , Demo   Contact 0269 , CONTACT0269@EXAMPLE.TEST ,United Kingdom,2025-06-18,enterprise
 c00270 , Demo   Contact 0270 , CONTACT0270@EXAMPLE.TEST ,China,2025-07-19, Basic 
 c00271 , Demo   Contact 0271 , CONTACT0271@EXAMPLE.TEST ,UAE,2025-08-20,PRO
 c00272 , Demo   Contact 0272 , CONTACT0272@EXAMPLE.TEST , USA ,2025-09-21,enterprise
 c00273 , Demo   Contact 0273 , CONTACT0273@EXAMPLE.TEST ,United Kingdom,2025-10-22, Basic 
 c00274 , Demo   Contact 0274 , CONTACT0274@EXAMPLE.TEST ,China,2025-11-23,PRO
 c00275 , Demo   Contact 0275 , CONTACT0275@EXAMPLE.TEST ,UAE,2025-12-24,enterprise
 c00276 , Demo   Contact 0276 , CONTACT0276@EXAMPLE.TEST , USA ,2025-01-25, Basic 
 c00277 , Demo   Contact 0277 , CONTACT0277@EXAMPLE.TEST ,United Kingdom,2025-02-26,PRO
 c00278 , Demo   Contact 0278 , CONTACT0278@EXAMPLE.TEST ,China,2025-03-27,enterprise
 c00279 , Demo   Contact 0279 , CONTACT0279@EXAMPLE.TEST ,UAE,2025-04-28, Basic 
 c00280 , Demo   Contact 0280 , CONTACT0280@EXAMPLE.TEST , USA ,2025-05-01,PRO
 c00281 , Demo   Contact 0281 , CONTACT0281@EXAMPLE.TEST ,United Kingdom,2025-06-02,enterprise
 c00282 , Demo   Contact 0282 , CONTACT0282@EXAMPLE.TEST ,China,2025-07-03, Basic 
 c00283 , Demo   Contact 0283 , CONTACT0283@EXAMPLE.TEST ,UAE,2025-08-04,PRO
 c00284 , Demo   Contact 0284 , CONTACT0284@EXAMPLE.TEST , USA ,2025-09-05,enterprise
 c00285 , Demo   Contact 0285 , CONTACT0285@EXAMPLE.TEST ,United Kingdom,2025-10-06, Basic 
 c00286 , Demo   Contact 0286 , CONTACT0286@EXAMPLE.TEST ,China,2025-11-07,PRO
 c00287 , Demo   Contact 0287 , CONTACT0287@EXAMPLE.TEST ,UAE,2025-12-08,enterprise
 c00288 , Demo   Contact 0288 , CONTACT0288@EXAMPLE.TEST , USA ,2025-01-09, Basic 
 c00289 , Demo   Contact 0289 , CONTACT0289@EXAMPLE.TEST ,United Kingdom,2025-02-10,PRO
 c00290 , Demo   Contact 0290 , CONTACT0290@EXAMPLE.TEST ,China,2025-03-11,enterprise
 c00291 , Demo   Contact 0291 , CONTACT0291@EXAMPLE.TEST ,UAE,2025-04-12, Basic 
 c00292 , Demo   Contact 0292 , CONTACT0292@EXAMPLE.TEST , USA ,2025-05-13,PRO
 c00293 , Demo   Contact 0293 , CONTACT0293@EXAMPLE.TEST ,United Kingdom,2025-06-14,enterprise
 c00294 , Demo   Contact 0294 , CONTACT0294@EXAMPLE.TEST ,China,2025-07-15, Basic 
 c00295 , Demo   Contact 0295 , CONTACT0295@EXAMPLE.TEST ,UAE,2025-08-16,PRO
 c00296 , Demo   Contact 0296 , CONTACT0296@EXAMPLE.TEST , USA ,2025-09-17,enterprise
 c00297 , Demo   Contact 0297 , CONTACT0297@EXAMPLE.TEST ,United Kingdom,2025-10-18, Basic 
 c00298 , Demo   Contact 0298 , CONTACT0298@EXAMPLE.TEST ,China,2025-11-19,PRO
 c00299 , Demo   Contact 0299 , CONTACT0299@EXAMPLE.TEST ,UAE,2025-12-20,enterprise
 c00300 , Demo   Contact 0300 , CONTACT0300@EXAMPLE.TEST , USA ,2025-01-21, Basic 
 c00301 , Demo   Contact 0301 , CONTACT0301@EXAMPLE.TEST ,United Kingdom,2025-02-22,PRO
 c00302 , Demo   Contact 0302 , CONTACT0302@EXAMPLE.TEST ,China,2025-03-23,enterprise
 c00303 , Demo   Contact 0303 , CONTACT0303@EXAMPLE.TEST ,UAE,2025-04-24, Basic 
 c00304 , Demo   Contact 0304 , CONTACT0304@EXAMPLE.TEST , USA ,2025-05-25,PRO
 c00305 , Demo   Contact 0305 , CONTACT0305@EXAMPLE.TEST ,United Kingdom,2025-06-26,enterprise
 c00306 , Demo   Contact 0306 , CONTACT0306@EXAMPLE.TEST ,China,2025-07-27, Basic 
 c00307 , Demo   Contact 0307 , CONTACT0307@EXAMPLE.TEST ,UAE,2025-08-28,PRO
 c00308 , Demo   Contact 0308 , CONTACT0308@EXAMPLE.TEST , USA ,2025-09-01,enterprise
 c00309 , Demo   Contact 0309 , CONTACT0309@EXAMPLE.TEST ,United Kingdom,2025-10-02, Basic 
 c00310 , Demo   Contact 0310 , CONTACT0310@EXAMPLE.TEST ,China,2025-11-03,PRO
 c00311 , Demo   Contact 0311 , CONTACT0311@EXAMPLE.TEST ,UAE,2025-12-04,enterprise
 c00312 , Demo   Contact 0312 , CONTACT0312@EXAMPLE.TEST , USA ,2025-01-05, Basic 
 c00313 , Demo   Contact 0313 , CONTACT0313@EXAMPLE.TEST ,United Kingdom,2025-02-06,PRO
 c00314 , Demo   Contact 0314 , CONTACT0314@EXAMPLE.TEST ,China,2025-03-07,enterprise
 c00315 , Demo   Contact 0315 , CONTACT0315@EXAMPLE.TEST ,UAE,2025-04-08, Basic 
 c00316 , Demo   Contact 0316 , CONTACT0316@EXAMPLE.TEST , USA ,2025-05-09,PRO
 c00317 , Demo   Contact 0317 , CONTACT0317@EXAMPLE.TEST ,United Kingdom,2025-06-10,enterprise
 c00318 , Demo   Contact 0318 , CONTACT0318@EXAMPLE.TEST ,China,2025-07-11, Basic 
 c00319 , Demo   Contact 0319 , CONTACT0319@EXAMPLE.TEST ,UAE,2025-08-12,PRO
 c00320 , Demo   Contact 0320 , CONTACT0320@EXAMPLE.TEST , USA ,2025-09-13,enterprise
 c00321 , Demo   Contact 0321 , CONTACT0321@EXAMPLE.TEST ,United Kingdom,2025-10-14, Basic 
 c00322 , Demo   Contact 0322 , CONTACT0322@EXAMPLE.TEST ,China,2025-11-15,PRO
 c00323 , Demo   Contact 0323 , CONTACT0323@EXAMPLE.TEST ,UAE,2025-12-16,enterprise
 c00324 , Demo   Contact 0324 , CONTACT0324@EXAMPLE.TEST , USA ,2025-01-17, Basic 
 c00325 , Demo   Contact 0325 , CONTACT0325@EXAMPLE.TEST ,United Kingdom,2025-02-18,PRO
 c00326 , Demo   Contact 0326 , CONTACT0326@EXAMPLE.TEST ,China,2025-03-19,enterprise
 c00327 , Demo   Contact 0327 , CONTACT0327@EXAMPLE.TEST ,UAE,2025-04-20, Basic 
 c00328 , Demo   Contact 0328 , CONTACT0328@EXAMPLE.TEST , USA ,2025-05-21,PRO
 c00329 , Demo   Contact 0329 , CONTACT0329@EXAMPLE.TEST ,United Kingdom,2025-06-22,enterprise
 c00330 , Demo   Contact 0330 , CONTACT0330@EXAMPLE.TEST ,China,2025-07-23, Basic 
 c00331 , Demo   Contact 0331 , CONTACT0331@EXAMPLE.TEST ,UAE,2025-08-24,PRO
 c00332 , Demo   Contact 0332 , CONTACT0332@EXAMPLE.TEST , USA ,2025-09-25,enterprise
 c00333 , Demo   Contact 0333 , CONTACT0333@EXAMPLE.TEST ,United Kingdom,2025-10-26, Basic 
 c00334 , Demo   Contact 0334 , CONTACT0334@EXAMPLE.TEST ,China,2025-11-27,PRO
 c00335 , Demo   Contact 0335 , CONTACT0335@EXAMPLE.TEST ,UAE,2025-12-28,enterprise
 c00336 , Demo   Contact 0336 , CONTACT0336@EXAMPLE.TEST , USA ,2025-01-01, Basic 
 c00337 , Demo   Contact 0337 , CONTACT0337@EXAMPLE.TEST ,United Kingdom,2025-02-02,PRO
 c00338 , Demo   Contact 0338 , CONTACT0338@EXAMPLE.TEST ,China,2025-03-03,enterprise
 c00339 , Demo   Contact 0339 , CONTACT0339@EXAMPLE.TEST ,UAE,2025-04-04, Basic 
 c00340 , Demo   Contact 0340 , CONTACT0340@EXAMPLE.TEST , USA ,2025-05-05,PRO
 c00341 , Demo   Contact 0341 , CONTACT0341@EXAMPLE.TEST ,United Kingdom,2025-06-06,enterprise
 c00342 , Demo   Contact 0342 , CONTACT0342@EXAMPLE.TEST ,China,2025-07-07, Basic 
 c00343 , Demo   Contact 0343 , CONTACT0343@EXAMPLE.TEST ,UAE,2025-08-08,PRO
 c00344 , Demo   Contact 0344 , CONTACT0344@EXAMPLE.TEST , USA ,2025-09-09,enterprise
 c00345 , Demo   Contact 0345 , CONTACT0345@EXAMPLE.TEST ,United Kingdom,2025-10-10, Basic 
 c00346 , Demo   Contact 0346 , CONTACT0346@EXAMPLE.TEST ,China,2025-11-11,PRO
 c00347 , Demo   Contact 0347 , CONTACT0347@EXAMPLE.TEST ,UAE,2025-12-12,enterprise
 c00348 , Demo   Contact 0348 , CONTACT0348@EXAMPLE.TEST , USA ,2025-01-13, Basic 
 c00349 , Demo   Contact 0349 , CONTACT0349@EXAMPLE.TEST ,United Kingdom,2025-02-14,PRO
 c00350 , Demo   Contact 0350 , CONTACT0350@EXAMPLE.TEST ,China,2025-03-15,enterprise
 c00351 , Demo   Contact 0351 , CONTACT0351@EXAMPLE.TEST ,UAE,2025-04-16, Basic 
 c00352 , Demo   Contact 0352 , CONTACT0352@EXAMPLE.TEST , USA ,2025-05-17,PRO
 c00353 , Demo   Contact 0353 , CONTACT0353@EXAMPLE.TEST ,United Kingdom,2025-06-18,enterprise
 c00354 , Demo   Contact 0354 , CONTACT0354@EXAMPLE.TEST ,China,2025-07-19, Basic 
 c00355 , Demo   Contact 0355 , CONTACT0355@EXAMPLE.TEST ,UAE,2025-08-20,PRO
 c00356 , Demo   Contact 0356 , CONTACT0356@EXAMPLE.TEST , USA ,2025-09-21,enterprise
 c00357 , Demo   Contact 0357 , CONTACT0357@EXAMPLE.TEST ,United Kingdom,2025-10-22, Basic 
 c00358 , Demo   Contact 0358 , CONTACT0358@EXAMPLE.TEST ,China,2025-11-23,PRO
 c00359 , Demo   Contact 0359 , CONTACT0359@EXAMPLE.TEST ,UAE,2025-12-24,enterprise
 c00360 , Demo   Contact 0360 , CONTACT0360@EXAMPLE.TEST , USA ,2025-01-25, Basic 
 c00361 , Demo   Contact 0361 , CONTACT0361@EXAMPLE.TEST ,United Kingdom,2025-02-26,PRO
 c00362 , Demo   Contact 0362 , CONTACT0362@EXAMPLE.TEST ,China,2025-03-27,enterprise
 c00363 , Demo   Contact 0363 , CONTACT0363@EXAMPLE.TEST ,UAE,2025-04-28, Basic 
 c00364 , Demo   Contact 0364 , CONTACT0364@EXAMPLE.TEST , USA ,2025-05-01,PRO
 c00365 , Demo   Contact 0365 , CONTACT0365@EXAMPLE.TEST ,United Kingdom,2025-06-02,enterprise
 c00366 , Demo   Contact 0366 , CONTACT0366@EXAMPLE.TEST ,China,2025-07-03, Basic 
 c00367 , Demo   Contact 0367 , CONTACT0367@EXAMPLE.TEST ,UAE,2025-08-04,PRO
 c00368 , Demo   Contact 0368 , CONTACT0368@EXAMPLE.TEST , USA ,2025-09-05,enterprise
 c00369 , Demo   Contact 0369 , CONTACT0369@EXAMPLE.TEST ,United Kingdom,2025-10-06, Basic 
 c00370 , Demo   Contact 0370 , CONTACT0370@EXAMPLE.TEST ,China,2025-11-07,PRO
 c00371 , Demo   Contact 0371 , CONTACT0371@EXAMPLE.TEST ,UAE,2025-12-08,enterprise
 c00372 , Demo   Contact 0372 , CONTACT0372@EXAMPLE.TEST , USA ,2025-01-09, Basic 
 c00373 , Demo   Contact 0373 , CONTACT0373@EXAMPLE.TEST ,United Kingdom,2025-02-10,PRO
 c00374 , Demo   Contact 0374 , CONTACT0374@EXAMPLE.TEST ,China,2025-03-11,enterprise
 c00375 , Demo   Contact 0375 , CONTACT0375@EXAMPLE.TEST ,UAE,2025-04-12, Basic 
 c00376 , Demo   Contact 0376 , CONTACT0376@EXAMPLE.TEST , USA ,2025-05-13,PRO
 c00377 , Demo   Contact 0377 , CONTACT0377@EXAMPLE.TEST ,United Kingdom,2025-06-14,enterprise
 c00378 , Demo   Contact 0378 , CONTACT0378@EXAMPLE.TEST ,China,2025-07-15, Basic 
 c00379 , Demo   Contact 0379 , CONTACT0379@EXAMPLE.TEST ,UAE,2025-08-16,PRO
 c00380 , Demo   Contact 0380 , CONTACT0380@EXAMPLE.TEST , USA ,2025-09-17,enterprise
 c00381 , Demo   Contact 0381 , CONTACT0381@EXAMPLE.TEST ,United Kingdom,2025-10-18, Basic 
 c00382 , Demo   Contact 0382 , CONTACT0382@EXAMPLE.TEST ,China,2025-11-19,PRO
 c00383 , Demo   Contact 0383 , CONTACT0383@EXAMPLE.TEST ,UAE,2025-12-20,enterprise
 c00384 , Demo   Contact 0384 , CONTACT0384@EXAMPLE.TEST , USA ,2025-01-21, Basic 
 c00385 , Demo   Contact 0385 , CONTACT0385@EXAMPLE.TEST ,United Kingdom,2025-02-22,PRO
 c00386 , Demo   Contact 0386 , CONTACT0386@EXAMPLE.TEST ,China,2025-03-23,enterprise
 c00387 , Demo   Contact 0387 , CONTACT0387@EXAMPLE.TEST ,UAE,2025-04-24, Basic 
 c00388 , Demo   Contact 0388 , CONTACT0388@EXAMPLE.TEST , USA ,2025-05-25,PRO
 c00389 , Demo   Contact 0389 , CONTACT0389@EXAMPLE.TEST ,United Kingdom,2025-06-26,enterprise
 c00390 , Demo   Contact 0390 , CONTACT0390@EXAMPLE.TEST ,China,2025-07-27, Basic 
 c00391 , Demo   Contact 0391 , CONTACT0391@EXAMPLE.TEST ,UAE,2025-08-28,PRO
 c00392 , Demo   Contact 0392 , CONTACT0392@EXAMPLE.TEST , USA ,2025-09-01,enterprise
 c00393 , Demo   Contact 0393 , CONTACT0393@EXAMPLE.TEST ,United Kingdom,2025-10-02, Basic 
 c00394 , Demo   Contact 0394 , CONTACT0394@EXAMPLE.TEST ,China,2025-11-03,PRO
 c00395 , Demo   Contact 0395 , CONTACT0395@EXAMPLE.TEST ,UAE,2025-12-04,enterprise
 c00396 , Demo   Contact 0396 , CONTACT0396@EXAMPLE.TEST , USA ,2025-01-05, Basic 
 c00397 , Demo   Contact 0397 , CONTACT0397@EXAMPLE.TEST ,United Kingdom,2025-02-06,PRO
 c00398 , Demo   Contact 0398 , CONTACT0398@EXAMPLE.TEST ,China,2025-03-07,enterprise
 c00399 , Demo   Contact 0399 , CONTACT0399@EXAMPLE.TEST ,UAE,2025-04-08, Basic 
 c00400 , Demo   Contact 0400 , CONTACT0400@EXAMPLE.TEST , USA ,2025-05-09,PRO
 c00401 , Demo   Contact 0401 , CONTACT0401@EXAMPLE.TEST ,United Kingdom,2025-06-10,enterprise
 c00402 , Demo   Contact 0402 , CONTACT0402@EXAMPLE.TEST ,China,2025-07-11, Basic 
 c00403 , Demo   Contact 0403 , CONTACT0403@EXAMPLE.TEST ,UAE,2025-08-12,PRO
 c00404 , Demo   Contact 0404 , CONTACT0404@EXAMPLE.TEST , USA ,2025-09-13,enterprise
 c00405 , Demo   Contact 0405 , CONTACT0405@EXAMPLE.TEST ,United Kingdom,2025-10-14, Basic 
 c00406 , Demo   Contact 0406 , CONTACT0406@EXAMPLE.TEST ,China,2025-11-15,PRO
 c00407 , Demo   Contact 0407 , CONTACT0407@EXAMPLE.TEST ,UAE,2025-12-16,enterprise
 c00408 , Demo   Contact 0408 , CONTACT0408@EXAMPLE.TEST , USA ,2025-01-17, Basic 
 c00409 , Demo   Contact 0409 , CONTACT0409@EXAMPLE.TEST ,United Kingdom,2025-02-18,PRO
 c00410 , Demo   Contact 0410 , CONTACT0410@EXAMPLE.TEST ,China,2025-03-19,enterprise
 c00411 , Demo   Contact 0411 , CONTACT0411@EXAMPLE.TEST ,UAE,2025-04-20, Basic 
 c00412 , Demo   Contact 0412 , CONTACT0412@EXAMPLE.TEST , USA ,2025-05-21,PRO
 c00413 , Demo   Contact 0413 , CONTACT0413@EXAMPLE.TEST ,United Kingdom,2025-06-22,enterprise
 c00414 , Demo   Contact 0414 , CONTACT0414@EXAMPLE.TEST ,China,2025-07-23, Basic 
 c00415 , Demo   Contact 0415 , CONTACT0415@EXAMPLE.TEST ,UAE,2025-08-24,PRO
 c00416 , Demo   Contact 0416 , CONTACT0416@EXAMPLE.TEST , USA ,2025-09-25,enterprise
 c00417 , Demo   Contact 0417 , CONTACT0417@EXAMPLE.TEST ,United Kingdom,2025-10-26, Basic 
 c00418 , Demo   Contact 0418 , CONTACT0418@EXAMPLE.TEST ,China,2025-11-27,PRO
 c00419 , Demo   Contact 0419 , CONTACT0419@EXAMPLE.TEST ,UAE,2025-12-28,enterprise
 c00420 , Demo   Contact 0420 , CONTACT0420@EXAMPLE.TEST , USA ,2025-01-01, Basic 
 c00421 , Demo   Contact 0421 , CONTACT0421@EXAMPLE.TEST ,United Kingdom,2025-02-02,PRO
 c00422 , Demo   Contact 0422 , CONTACT0422@EXAMPLE.TEST ,China,2025-03-03,enterprise
 c00423 , Demo   Contact 0423 , CONTACT0423@EXAMPLE.TEST ,UAE,2025-04-04, Basic 
 c00424 , Demo   Contact 0424 , CONTACT0424@EXAMPLE.TEST , USA ,2025-05-05,PRO
 c00425 , Demo   Contact 0425 , CONTACT0425@EXAMPLE.TEST ,United Kingdom,2025-06-06,enterprise
 c00426 , Demo   Contact 0426 , CONTACT0426@EXAMPLE.TEST ,China,2025-07-07, Basic 
 c00427 , Demo   Contact 0427 , CONTACT0427@EXAMPLE.TEST ,UAE,2025-08-08,PRO
 c00428 , Demo   Contact 0428 , CONTACT0428@EXAMPLE.TEST , USA ,2025-09-09,enterprise
 c00429 , Demo   Contact 0429 , CONTACT0429@EXAMPLE.TEST ,United Kingdom,2025-10-10, Basic 
 c00430 , Demo   Contact 0430 , CONTACT0430@EXAMPLE.TEST ,China,2025-11-11,PRO
 c00431 , Demo   Contact 0431 , CONTACT0431@EXAMPLE.TEST ,UAE,2025-12-12,enterprise
 c00432 , Demo   Contact 0432 , CONTACT0432@EXAMPLE.TEST , USA ,2025-01-13, Basic 
 c00433 , Demo   Contact 0433 , CONTACT0433@EXAMPLE.TEST ,United Kingdom,2025-02-14,PRO
 c00434 , Demo   Contact 0434 , CONTACT0434@EXAMPLE.TEST ,China,2025-03-15,enterprise
 c00435 , Demo   Contact 0435 , CONTACT0435@EXAMPLE.TEST ,UAE,2025-04-16, Basic 
 c00436 , Demo   Contact 0436 , CONTACT0436@EXAMPLE.TEST , USA ,2025-05-17,PRO
 c00437 , Demo   Contact 0437 , CONTACT0437@EXAMPLE.TEST ,United Kingdom,2025-06-18,enterprise
 c00438 , Demo   Contact 0438 , CONTACT0438@EXAMPLE.TEST ,China,2025-07-19, Basic 
 c00439 , Demo   Contact 0439 , CONTACT0439@EXAMPLE.TEST ,UAE,2025-08-20,PRO
 c00440 , Demo   Contact 0440 , CONTACT0440@EXAMPLE.TEST , USA ,2025-09-21,enterprise
 c00441 , Demo   Contact 0441 , CONTACT0441@EXAMPLE.TEST ,United Kingdom,2025-10-22, Basic 
 c00442 , Demo   Contact 0442 , CONTACT0442@EXAMPLE.TEST ,China,2025-11-23,PRO
 c00443 , Demo   Contact 0443 , CONTACT0443@EXAMPLE.TEST ,UAE,2025-12-24,enterprise
 c00444 , Demo   Contact 0444 , CONTACT0444@EXAMPLE.TEST , USA ,2025-01-25, Basic 
 c00445 , Demo   Contact 0445 , CONTACT0445@EXAMPLE.TEST ,United Kingdom,2025-02-26,PRO
 c00446 , Demo   Contact 0446 , CONTACT0446@EXAMPLE.TEST ,China,2025-03-27,enterprise
 c00447 , Demo   Contact 0447 , CONTACT0447@EXAMPLE.TEST ,UAE,2025-04-28, Basic 
 c00448 , Demo   Contact 0448 , CONTACT0448@EXAMPLE.TEST , USA ,2025-05-01,PRO
 c00449 , Demo   Contact 0449 , CONTACT0449@EXAMPLE.TEST ,United Kingdom,2025-06-02,enterprise
 c00450 , Demo   Contact 0450 , CONTACT0450@EXAMPLE.TEST ,China,2025-07-03, Basic 
 c00451 , Demo   Contact 0451 , CONTACT0451@EXAMPLE.TEST ,UAE,2025-08-04,PRO
 c00452 , Demo   Contact 0452 , CONTACT0452@EXAMPLE.TEST , USA ,2025-09-05,enterprise
 c00453 , Demo   Contact 0453 , CONTACT0453@EXAMPLE.TEST ,United Kingdom,2025-10-06, Basic 
 c00454 , Demo   Contact 0454 , CONTACT0454@EXAMPLE.TEST ,China,2025-11-07,PRO
 c00455 , Demo   Contact 0455 , CONTACT0455@EXAMPLE.TEST ,UAE,2025-12-08,enterprise
 c00456 , Demo   Contact 0456 , CONTACT0456@EXAMPLE.TEST , USA ,2025-01-09, Basic 
 c00457 , Demo   Contact 0457 , CONTACT0457@EXAMPLE.TEST ,United Kingdom,2025-02-10,PRO
 c00458 , Demo   Contact 0458 , CONTACT0458@EXAMPLE.TEST ,China,2025-03-11,enterprise
 c00459 , Demo   Contact 0459 , CONTACT0459@EXAMPLE.TEST ,UAE,2025-04-12, Basic 
 c00460 , Demo   Contact 0460 , CONTACT0460@EXAMPLE.TEST , USA ,2025-05-13,PRO
 c00461 , Demo   Contact 0461 , CONTACT0461@EXAMPLE.TEST ,United Kingdom,2025-06-14,enterprise
 c00462 , Demo   Contact 0462 , CONTACT0462@EXAMPLE.TEST ,China,2025-07-15, Basic 
 c00463 , Demo   Contact 0463 , CONTACT0463@EXAMPLE.TEST ,UAE,2025-08-16,PRO
 c00464 , Demo   Contact 0464 , CONTACT0464@EXAMPLE.TEST , USA ,2025-09-17,enterprise
 c00465 , Demo   Contact 0465 , CONTACT0465@EXAMPLE.TEST ,United Kingdom,2025-10-18, Basic 
 c00466 , Demo   Contact 0466 , CONTACT0466@EXAMPLE.TEST ,China,2025-11-19,PRO
 c00467 , Demo   Contact 0467 , CONTACT0467@EXAMPLE.TEST ,UAE,2025-12-20,enterprise
 c00468 , Demo   Contact 0468 , CONTACT0468@EXAMPLE.TEST , USA ,2025-01-21, Basic 
 c00469 , Demo   Contact 0469 , CONTACT0469@EXAMPLE.TEST ,United Kingdom,2025-02-22,PRO
 c00470 , Demo   Contact 0470 , CONTACT0470@EXAMPLE.TEST ,China,2025-03-23,enterprise
 c00471 , Demo   Contact 0471 , CONTACT0471@EXAMPLE.TEST ,UAE,2025-04-24, Basic 
 c00472 , Demo   Contact 0472 , CONTACT0472@EXAMPLE.TEST , USA ,2025-05-25,PRO
 c00473 , Demo   Contact 0473 , CONTACT0473@EXAMPLE.TEST ,United Kingdom,2025-06-26,enterprise
 c00474 , Demo   Contact 0474 , CONTACT0474@EXAMPLE.TEST ,China,2025-07-27, Basic 
 c00475 , Demo   Contact 0475 , CONTACT0475@EXAMPLE.TEST ,UAE,2025-08-28,PRO
 c00476 , Demo   Contact 0476 , CONTACT0476@EXAMPLE.TEST , USA ,2025-09-01,enterprise
 c00477 , Demo   Contact 0477 , CONTACT0477@EXAMPLE.TEST ,United Kingdom,2025-10-02, Basic 
 c00478 , Demo   Contact 0478 , CONTACT0478@EXAMPLE.TEST ,China,2025-11-03,PRO
 c00479 , Demo   Contact 0479 , CONTACT0479@EXAMPLE.TEST ,UAE,2025-12-04,enterprise
 c00480 , Demo   Contact 0480 , CONTACT0480@EXAMPLE.TEST , USA ,2025-01-05, Basic 
 c00481 , Demo   Contact 0481 , CONTACT0481@EXAMPLE.TEST ,United Kingdom,2025-02-06,PRO
 c00482 , Demo   Contact 0482 , CONTACT0482@EXAMPLE.TEST ,China,2025-03-07,enterprise
 c00483 , Demo   Contact 0483 , CONTACT0483@EXAMPLE.TEST ,UAE,2025-04-08, Basic 
 c00484 , Demo   Contact 0484 , CONTACT0484@EXAMPLE.TEST , USA ,2025-05-09,PRO
 c00485 , Demo   Contact 0485 , CONTACT0485@EXAMPLE.TEST ,United Kingdom,2025-06-10,enterprise
 c00486 , Demo   Contact 0486 , CONTACT0486@EXAMPLE.TEST ,China,2025-07-11, Basic 
 c00487 , Demo   Contact 0487 , CONTACT0487@EXAMPLE.TEST ,UAE,2025-08-12,PRO
 c00488 , Demo   Contact 0488 , CONTACT0488@EXAMPLE.TEST , USA ,2025-09-13,enterprise
 c00489 , Demo   Contact 0489 , CONTACT0489@EXAMPLE.TEST ,United Kingdom,2025-10-14, Basic 
 c00490 , Demo   Contact 0490 , CONTACT0490@EXAMPLE.TEST ,China,2025-11-15,PRO
 c00491 , Demo   Contact 0491 , CONTACT0491@EXAMPLE.TEST ,UAE,2025-12-16,enterprise
 c00492 , Demo   Contact 0492 , CONTACT0492@EXAMPLE.TEST , USA ,2025-01-17, Basic 
 c00493 , Demo   Contact 0493 , CONTACT0493@EXAMPLE.TEST ,United Kingdom,2025-02-18,PRO
 c00494 , Demo   Contact 0494 , CONTACT0494@EXAMPLE.TEST ,China,2025-03-19,enterprise
 c00495 , Demo   Contact 0495 , CONTACT0495@EXAMPLE.TEST ,UAE,2025-04-20, Basic 
 c00496 , Demo   Contact 0496 , CONTACT0496@EXAMPLE.TEST , USA ,2025-05-21,PRO
 c00497 , Demo   Contact 0497 , CONTACT0497@EXAMPLE.TEST ,United Kingdom,2025-06-22,enterprise
 c00498 , Demo   Contact 0498 , CONTACT0498@EXAMPLE.TEST ,China,2025-07-23, Basic 
 c00499 , Demo   Contact 0499 , CONTACT0499@EXAMPLE.TEST ,UAE,2025-08-24,PRO
 c00500 , Demo   Contact 0500 , CONTACT0500@EXAMPLE.TEST , USA ,2025-09-25,enterprise
 c00501 , Demo   Contact 0501 , CONTACT0501@EXAMPLE.TEST ,United Kingdom,2025-10-26, Basic 
 c00502 , Demo   Contact 0502 , CONTACT0502@EXAMPLE.TEST ,China,2025-11-27,PRO
 c00503 , Demo   Contact 0503 , CONTACT0503@EXAMPLE.TEST ,UAE,2025-12-28,enterprise
 c00504 , Demo   Contact 0504 , CONTACT0504@EXAMPLE.TEST , USA ,2025-01-01, Basic 
 c00505 , Demo   Contact 0505 , CONTACT0505@EXAMPLE.TEST ,United Kingdom,2025-02-02,PRO
 c00506 , Demo   Contact 0506 , CONTACT0506@EXAMPLE.TEST ,China,2025-03-03,enterprise
 c00507 , Demo   Contact 0507 , CONTACT0507@EXAMPLE.TEST ,UAE,2025-04-04, Basic 
 c00508 , Demo   Contact 0508 , CONTACT0508@EXAMPLE.TEST , USA ,2025-05-05,PRO
 c00509 , Demo   Contact 0509 , CONTACT0509@EXAMPLE.TEST ,United Kingdom,2025-06-06,enterprise
 c00510 , Demo   Contact 0510 , CONTACT0510@EXAMPLE.TEST ,China,2025-07-07, Basic 
 c00511 , Demo   Contact 0511 , CONTACT0511@EXAMPLE.TEST ,UAE,2025-08-08,PRO
 c00512 , Demo   Contact 0512 , CONTACT0512@EXAMPLE.TEST , USA ,2025-09-09,enterprise
 c00513 , Demo   Contact 0513 , CONTACT0513@EXAMPLE.TEST ,United Kingdom,2025-10-10, Basic 
 c00514 , Demo   Contact 0514 , CONTACT0514@EXAMPLE.TEST ,China,2025-11-11,PRO
 c00515 , Demo   Contact 0515 , CONTACT0515@EXAMPLE.TEST ,UAE,2025-12-12,enterprise
 c00516 , Demo   Contact 0516 , CONTACT0516@EXAMPLE.TEST , USA ,2025-01-13, Basic 
 c00517 , Demo   Contact 0517 , CONTACT0517@EXAMPLE.TEST ,United Kingdom,2025-02-14,PRO
 c00518 , Demo   Contact 0518 , CONTACT0518@EXAMPLE.TEST ,China,2025-03-15,enterprise
 c00519 , Demo   Contact 0519 , CONTACT0519@EXAMPLE.TEST ,UAE,2025-04-16, Basic 
 c00520 , Demo   Contact 0520 , CONTACT0520@EXAMPLE.TEST , USA ,2025-05-17,PRO
 c00521 , Demo   Contact 0521 , CONTACT0521@EXAMPLE.TEST ,United Kingdom,2025-06-18,enterprise
 c00522 , Demo   Contact 0522 , CONTACT0522@EXAMPLE.TEST ,China,2025-07-19, Basic 
 c00523 , Demo   Contact 0523 , CONTACT0523@EXAMPLE.TEST ,UAE,2025-08-20,PRO
 c00524 , Demo   Contact 0524 , CONTACT0524@EXAMPLE.TEST , USA ,2025-09-21,enterprise
 c00525 , Demo   Contact 0525 , CONTACT0525@EXAMPLE.TEST ,United Kingdom,2025-10-22, Basic 
 c00526 , Demo   Contact 0526 , CONTACT0526@EXAMPLE.TEST ,China,2025-11-23,PRO
 c00527 , Demo   Contact 0527 , CONTACT0527@EXAMPLE.TEST ,UAE,2025-12-24,enterprise
 c00528 , Demo   Contact 0528 , CONTACT0528@EXAMPLE.TEST , USA ,2025-01-25, Basic 
 c00529 , Demo   Contact 0529 , CONTACT0529@EXAMPLE.TEST ,United Kingdom,2025-02-26,PRO
 c00530 , Demo   Contact 0530 , CONTACT0530@EXAMPLE.TEST ,China,2025-03-27,enterprise
 c00531 , Demo   Contact 0531 , CONTACT0531@EXAMPLE.TEST ,UAE,2025-04-28, Basic 
 c00532 , Demo   Contact 0532 , CONTACT0532@EXAMPLE.TEST , USA ,2025-05-01,PRO
 c00533 , Demo   Contact 0533 , CONTACT0533@EXAMPLE.TEST ,United Kingdom,2025-06-02,enterprise
 c00534 , Demo   Contact 0534 , CONTACT0534@EXAMPLE.TEST ,China,2025-07-03, Basic 
 c00535 , Demo   Contact 0535 , CONTACT0535@EXAMPLE.TEST ,UAE,2025-08-04,PRO
 c00536 , Demo   Contact 0536 , CONTACT0536@EXAMPLE.TEST , USA ,2025-09-05,enterprise
 c00537 , Demo   Contact 0537 , CONTACT0537@EXAMPLE.TEST ,United Kingdom,2025-10-06, Basic 
 c00538 , Demo   Contact 0538 , CONTACT0538@EXAMPLE.TEST ,China,2025-11-07,PRO
 c00539 , Demo   Contact 0539 , CONTACT0539@EXAMPLE.TEST ,UAE,2025-12-08,enterprise
 c00540 , Demo   Contact 0540 , CONTACT0540@EXAMPLE.TEST , USA ,2025-01-09, Basic 
 c00541 , Demo   Contact 0541 , CONTACT0541@EXAMPLE.TEST ,United Kingdom,2025-02-10,PRO
 c00542 , Demo   Contact 0542 , CONTACT0542@EXAMPLE.TEST ,China,2025-03-11,enterprise
 c00543 , Demo   Contact 0543 , CONTACT0543@EXAMPLE.TEST ,UAE,2025-04-12, Basic 
 c00544 , Demo   Contact 0544 , CONTACT0544@EXAMPLE.TEST , USA ,2025-05-13,PRO
 c00545 , Demo   Contact 0545 , CONTACT0545@EXAMPLE.TEST ,United Kingdom,2025-06-14,enterprise
 c00546 , Demo   Contact 0546 , CONTACT0546@EXAMPLE.TEST ,China,2025-07-15, Basic 
 c00547 , Demo   Contact 0547 , CONTACT0547@EXAMPLE.TEST ,UAE,2025-08-16,PRO
 c00548 , Demo   Contact 0548 , CONTACT0548@EXAMPLE.TEST , USA ,2025-09-17,enterprise
 c00549 , Demo   Contact 0549 , CONTACT0549@EXAMPLE.TEST ,United Kingdom,2025-10-18, Basic 
 c00550 , Demo   Contact 0550 , CONTACT0550@EXAMPLE.TEST ,China,2025-11-19,PRO
 c00551 , Demo   Contact 0551 , CONTACT0551@EXAMPLE.TEST ,UAE,2025-12-20,enterprise
 c00552 , Demo   Contact 0552 , CONTACT0552@EXAMPLE.TEST , USA ,2025-01-21, Basic 
 c00553 , Demo   Contact 0553 , CONTACT0553@EXAMPLE.TEST ,United Kingdom,2025-02-22,PRO
 c00554 , Demo   Contact 0554 , CONTACT0554@EXAMPLE.TEST ,China,2025-03-23,enterprise
 c00555 , Demo   Contact 0555 , CONTACT0555@EXAMPLE.TEST ,UAE,2025-04-24, Basic 
 c00556 , Demo   Contact 0556 , CONTACT0556@EXAMPLE.TEST , USA ,2025-05-25,PRO
 c00557 , Demo   Contact 0557 , CONTACT0557@EXAMPLE.TEST ,United Kingdom,2025-06-26,enterprise
 c00558 , Demo   Contact 0558 , CONTACT0558@EXAMPLE.TEST ,China,2025-07-27, Basic 
 c00559 , Demo   Contact 0559 , CONTACT0559@EXAMPLE.TEST ,UAE,2025-08-28,PRO
 c00560 , Demo   Contact 0560 , CONTACT0560@EXAMPLE.TEST , USA ,2025-09-01,enterprise
 c00561 , Demo   Contact 0561 , CONTACT0561@EXAMPLE.TEST ,United Kingdom,2025-10-02, Basic 
 c00562 , Demo   Contact 0562 , CONTACT0562@EXAMPLE.TEST ,China,2025-11-03,PRO
 c00563 , Demo   Contact 0563 , CONTACT0563@EXAMPLE.TEST ,UAE,2025-12-04,enterprise
 c00564 , Demo   Contact 0564 , CONTACT0564@EXAMPLE.TEST , USA ,2025-01-05, Basic 
 c00565 , Demo   Contact 0565 , CONTACT0565@EXAMPLE.TEST ,United Kingdom,2025-02-06,PRO
 c00566 , Demo   Contact 0566 , CONTACT0566@EXAMPLE.TEST ,China,2025-03-07,enterprise
 c00567 , Demo   Contact 0567 , CONTACT0567@EXAMPLE.TEST ,UAE,2025-04-08, Basic 
 c00568 , Demo   Contact 0568 , CONTACT0568@EXAMPLE.TEST , USA ,2025-05-09,PRO
 c00569 , Demo   Contact 0569 , CONTACT0569@EXAMPLE.TEST ,United Kingdom,2025-06-10,enterprise
 c00570 , Demo   Contact 0570 , CONTACT0570@EXAMPLE.TEST ,China,2025-07-11, Basic 
 c00571 , Demo   Contact 0571 , CONTACT0571@EXAMPLE.TEST ,UAE,2025-08-12,PRO
 c00572 , Demo   Contact 0572 , CONTACT0572@EXAMPLE.TEST , USA ,2025-09-13,enterprise
 c00573 , Demo   Contact 0573 , CONTACT0573@EXAMPLE.TEST ,United Kingdom,2025-10-14, Basic 
 c00574 , Demo   Contact 0574 , CONTACT0574@EXAMPLE.TEST ,China,2025-11-15,PRO
 c00575 , Demo   Contact 0575 , CONTACT0575@EXAMPLE.TEST ,UAE,2025-12-16,enterprise
 c00576 , Demo   Contact 0576 , CONTACT0576@EXAMPLE.TEST , USA ,2025-01-17, Basic 
 c00577 , Demo   Contact 0577 , CONTACT0577@EXAMPLE.TEST ,United Kingdom,2025-02-18,PRO
 c00578 , Demo   Contact 0578 , CONTACT0578@EXAMPLE.TEST ,China,2025-03-19,enterprise
 c00579 , Demo   Contact 0579 , CONTACT0579@EXAMPLE.TEST ,UAE,2025-04-20, Basic 
 c00580 , Demo   Contact 0580 , CONTACT0580@EXAMPLE.TEST , USA ,2025-05-21,PRO
 c00581 , Demo   Contact 0581 , CONTACT0581@EXAMPLE.TEST ,United Kingdom,2025-06-22,enterprise
 c00582 , Demo   Contact 0582 , CONTACT0582@EXAMPLE.TEST ,China,2025-07-23, Basic 
 c00583 , Demo   Contact 0583 , CONTACT0583@EXAMPLE.TEST ,UAE,2025-08-24,PRO
 c00584 , Demo   Contact 0584 , CONTACT0584@EXAMPLE.TEST , USA ,2025-09-25,enterprise
 c00585 , Demo   Contact 0585 , CONTACT0585@EXAMPLE.TEST ,United Kingdom,2025-10-26, Basic 
 c00586 , Demo   Contact 0586 , CONTACT0586@EXAMPLE.TEST ,China,2025-11-27,PRO
 c00587 , Demo   Contact 0587 , CONTACT0587@EXAMPLE.TEST ,UAE,2025-12-28,enterprise
 c00588 , Demo   Contact 0588 , CONTACT0588@EXAMPLE.TEST , USA ,2025-01-01, Basic 
 c00589 , Demo   Contact 0589 , CONTACT0589@EXAMPLE.TEST ,United Kingdom,2025-02-02,PRO
 c00590 , Demo   Contact 0590 , CONTACT0590@EXAMPLE.TEST ,China,2025-03-03,enterprise
 c00591 , Demo   Contact 0591 , CONTACT0591@EXAMPLE.TEST ,UAE,2025-04-04, Basic 
 c00592 , Demo   Contact 0592 , CONTACT0592@EXAMPLE.TEST , USA ,2025-05-05,PRO
 c00593 , Demo   Contact 0593 , CONTACT0593@EXAMPLE.TEST ,United Kingdom,2025-06-06,enterprise
 c00594 , Demo   Contact 0594 , CONTACT0594@EXAMPLE.TEST ,China,2025-07-07, Basic 
 c00595 , Demo   Contact 0595 , CONTACT0595@EXAMPLE.TEST ,UAE,2025-08-08,PRO
 c00596 , Demo   Contact 0596 , CONTACT0596@EXAMPLE.TEST , USA ,2025-09-09,enterprise
 c00597 , Demo   Contact 0597 , CONTACT0597@EXAMPLE.TEST ,United Kingdom,2025-10-10, Basic 
 c00598 , Demo   Contact 0598 , CONTACT0598@EXAMPLE.TEST ,China,2025-11-11,PRO
 c00599 , Demo   Contact 0599 , CONTACT0599@EXAMPLE.TEST ,UAE,2025-12-12,enterprise
 c00600 , Demo   Contact 0600 , CONTACT0600@EXAMPLE.TEST , USA ,2025-01-13, Basic 
 c00601 , Demo   Contact 0601 , CONTACT0601@EXAMPLE.TEST ,United Kingdom,2025-02-14,PRO
 c00602 , Demo   Contact 0602 , CONTACT0602@EXAMPLE.TEST ,China,2025-03-15,enterprise
 c00603 , Demo   Contact 0603 , CONTACT0603@EXAMPLE.TEST ,UAE,2025-04-16, Basic 
 c00604 , Demo   Contact 0604 , CONTACT0604@EXAMPLE.TEST , USA ,2025-05-17,PRO
 c00605 , Demo   Contact 0605 , CONTACT0605@EXAMPLE.TEST ,United Kingdom,2025-06-18,enterprise
 c00606 , Demo   Contact 0606 , CONTACT0606@EXAMPLE.TEST ,China,2025-07-19, Basic 
 c00607 , Demo   Contact 0607 , CONTACT0607@EXAMPLE.TEST ,UAE,2025-08-20,PRO
 c00608 , Demo   Contact 0608 , CONTACT0608@EXAMPLE.TEST , USA ,2025-09-21,enterprise
 c00609 , Demo   Contact 0609 , CONTACT0609@EXAMPLE.TEST ,United Kingdom,2025-10-22, Basic 
 c00610 , Demo   Contact 0610 , CONTACT0610@EXAMPLE.TEST ,China,2025-11-23,PRO
 c00611 , Demo   Contact 0611 , CONTACT0611@EXAMPLE.TEST ,UAE,2025-12-24,enterprise
 c00612 , Demo   Contact 0612 , CONTACT0612@EXAMPLE.TEST , USA ,2025-01-25, Basic 
 c00613 , Demo   Contact 0613 , CONTACT0613@EXAMPLE.TEST ,United Kingdom,2025-02-26,PRO
 c00614 , Demo   Contact 0614 , CONTACT0614@EXAMPLE.TEST ,China,2025-03-27,enterprise
 c00615 , Demo   Contact 0615 , CONTACT0615@EXAMPLE.TEST ,UAE,2025-04-28, Basic 
 c00616 , Demo   Contact 0616 , CONTACT0616@EXAMPLE.TEST , USA ,2025-05-01,PRO
 c00617 , Demo   Contact 0617 , CONTACT0617@EXAMPLE.TEST ,United Kingdom,2025-06-02,enterprise
 c00618 , Demo   Contact 0618 , CONTACT0618@EXAMPLE.TEST ,China,2025-07-03, Basic 
 c00619 , Demo   Contact 0619 , CONTACT0619@EXAMPLE.TEST ,UAE,2025-08-04,PRO
 c00620 , Demo   Contact 0620 , CONTACT0620@EXAMPLE.TEST , USA ,2025-09-05,enterprise
 c00621 , Demo   Contact 0621 , CONTACT0621@EXAMPLE.TEST ,United Kingdom,2025-10-06, Basic 
 c00622 , Demo   Contact 0622 , CONTACT0622@EXAMPLE.TEST ,China,2025-11-07,PRO
 c00623 , Demo   Contact 0623 , CONTACT0623@EXAMPLE.TEST ,UAE,2025-12-08,enterprise
 c00624 , Demo   Contact 0624 , CONTACT0624@EXAMPLE.TEST , USA ,2025-01-09, Basic 
 c00625 , Demo   Contact 0625 , CONTACT0625@EXAMPLE.TEST ,United Kingdom,2025-02-10,PRO
 c00626 , Demo   Contact 0626 , CONTACT0626@EXAMPLE.TEST ,China,2025-03-11,enterprise
 c00627 , Demo   Contact 0627 , CONTACT0627@EXAMPLE.TEST ,UAE,2025-04-12, Basic 
 c00628 , Demo   Contact 0628 , CONTACT0628@EXAMPLE.TEST , USA ,2025-05-13,PRO
 c00629 , Demo   Contact 0629 , CONTACT0629@EXAMPLE.TEST ,United Kingdom,2025-06-14,enterprise
 c00630 , Demo   Contact 0630 , CONTACT0630@EXAMPLE.TEST ,China,2025-07-15, Basic 
 c00631 , Demo   Contact 0631 , CONTACT0631@EXAMPLE.TEST ,UAE,2025-08-16,PRO
 c00632 , Demo   Contact 0632 , CONTACT0632@EXAMPLE.TEST , USA ,2025-09-17,enterprise
 c00633 , Demo   Contact 0633 , CONTACT0633@EXAMPLE.TEST ,United Kingdom,2025-10-18, Basic 
 c00634 , Demo   Contact 0634 , CONTACT0634@EXAMPLE.TEST ,China,2025-11-19,PRO
 c00635 , Demo   Contact 0635 , CONTACT0635@EXAMPLE.TEST ,UAE,2025-12-20,enterprise
 c00636 , Demo   Contact 0636 , CONTACT0636@EXAMPLE.TEST , USA ,2025-01-21, Basic 
 c00637 , Demo   Contact 0637 , CONTACT0637@EXAMPLE.TEST ,United Kingdom,2025-02-22,PRO
 c00638 , Demo   Contact 0638 , CONTACT0638@EXAMPLE.TEST ,China,2025-03-23,enterprise
 c00639 , Demo   Contact 0639 , CONTACT0639@EXAMPLE.TEST ,UAE,2025-04-24, Basic 
 c00640 , Demo   Contact 0640 , CONTACT0640@EXAMPLE.TEST , USA ,2025-05-25,PRO
 c00641 , Demo   Contact 0641 , CONTACT0641@EXAMPLE.TEST ,United Kingdom,2025-06-26,enterprise
 c00642 , Demo   Contact 0642 , CONTACT0642@EXAMPLE.TEST ,China,2025-07-27, Basic 
 c00643 , Demo   Contact 0643 , CONTACT0643@EXAMPLE.TEST ,UAE,2025-08-28,PRO
 c00644 , Demo   Contact 0644 , CONTACT0644@EXAMPLE.TEST , USA ,2025-09-01,enterprise
 c00645 , Demo   Contact 0645 , CONTACT0645@EXAMPLE.TEST ,United Kingdom,2025-10-02, Basic 
 c00646 , Demo   Contact 0646 , CONTACT0646@EXAMPLE.TEST ,China,2025-11-03,PRO
 c00647 , Demo   Contact 0647 , CONTACT0647@EXAMPLE.TEST ,UAE,2025-12-04,enterprise
 c00648 , Demo   Contact 0648 , CONTACT0648@EXAMPLE.TEST , USA ,2025-01-05, Basic 
 c00649 , Demo   Contact 0649 , CONTACT0649@EXAMPLE.TEST ,United Kingdom,2025-02-06,PRO
 c00650 , Demo   Contact 0650 , CONTACT0650@EXAMPLE.TEST ,China,2025-03-07,enterprise
 c00651 , Demo   Contact 0651 , CONTACT0651@EXAMPLE.TEST ,UAE,2025-04-08, Basic 
 c00652 , Demo   Contact 0652 , CONTACT0652@EXAMPLE.TEST , USA ,2025-05-09,PRO
 c00653 , Demo   Contact 0653 , CONTACT0653@EXAMPLE.TEST ,United Kingdom,2025-06-10,enterprise
 c00654 , Demo   Contact 0654 , CONTACT0654@EXAMPLE.TEST ,China,2025-07-11, Basic 
 c00655 , Demo   Contact 0655 , CONTACT0655@EXAMPLE.TEST ,UAE,2025-08-12,PRO
 c00656 , Demo   Contact 0656 , CONTACT0656@EXAMPLE.TEST , USA ,2025-09-13,enterprise
 c00657 , Demo   Contact 0657 , CONTACT0657@EXAMPLE.TEST ,United Kingdom,2025-10-14, Basic 
 c00658 , Demo   Contact 0658 , CONTACT0658@EXAMPLE.TEST ,China,2025-11-15,PRO
 c00659 , Demo   Contact 0659 , CONTACT0659@EXAMPLE.TEST ,UAE,2025-12-16,enterprise
 c00660 , Demo   Contact 0660 , CONTACT0660@EXAMPLE.TEST , USA ,2025-01-17, Basic 
 c00661 , Demo   Contact 0661 , CONTACT0661@EXAMPLE.TEST ,United Kingdom,2025-02-18,PRO
 c00662 , Demo   Contact 0662 , CONTACT0662@EXAMPLE.TEST ,China,2025-03-19,enterprise
 c00663 , Demo   Contact 0663 , CONTACT0663@EXAMPLE.TEST ,UAE,2025-04-20, Basic 
 c00664 , Demo   Contact 0664 , CONTACT0664@EXAMPLE.TEST , USA ,2025-05-21,PRO
 c00665 , Demo   Contact 0665 , CONTACT0665@EXAMPLE.TEST ,United Kingdom,2025-06-22,enterprise
 c00666 , Demo   Contact 0666 , CONTACT0666@EXAMPLE.TEST ,China,2025-07-23, Basic 
 c00667 , Demo   Contact 0667 , CONTACT0667@EXAMPLE.TEST ,UAE,2025-08-24,PRO
 c00668 , Demo   Contact 0668 , CONTACT0668@EXAMPLE.TEST , USA ,2025-09-25,enterprise
 c00669 , Demo   Contact 0669 , CONTACT0669@EXAMPLE.TEST ,United Kingdom,2025-10-26, Basic 
 c00670 , Demo   Contact 0670 , CONTACT0670@EXAMPLE.TEST ,China,2025-11-27,PRO
 c00671 , Demo   Contact 0671 , CONTACT0671@EXAMPLE.TEST ,UAE,2025-12-28,enterprise
 c00672 , Demo   Contact 0672 , CONTACT0672@EXAMPLE.TEST , USA ,2025-01-01, Basic 
 c00673 , Demo   Contact 0673 , CONTACT0673@EXAMPLE.TEST ,United Kingdom,2025-02-02,PRO
 c00674 , Demo   Contact 0674 , CONTACT0674@EXAMPLE.TEST ,China,2025-03-03,enterprise
 c00675 , Demo   Contact 0675 , CONTACT0675@EXAMPLE.TEST ,UAE,2025-04-04, Basic 
 c00676 , Demo   Contact 0676 , CONTACT0676@EXAMPLE.TEST , USA ,2025-05-05,PRO
 c00677 , Demo   Contact 0677 , CONTACT0677@EXAMPLE.TEST ,United Kingdom,2025-06-06,enterprise
 c00678 , Demo   Contact 0678 , CONTACT0678@EXAMPLE.TEST ,China,2025-07-07, Basic 
 c00679 , Demo   Contact 0679 , CONTACT0679@EXAMPLE.TEST ,UAE,2025-08-08,PRO
 c00680 , Demo   Contact 0680 , CONTACT0680@EXAMPLE.TEST , USA ,2025-09-09,enterprise
 c00681 , Demo   Contact 0681 , CONTACT0681@EXAMPLE.TEST ,United Kingdom,2025-10-10, Basic 
 c00682 , Demo   Contact 0682 , CONTACT0682@EXAMPLE.TEST ,China,2025-11-11,PRO
 c00683 , Demo   Contact 0683 , CONTACT0683@EXAMPLE.TEST ,UAE,2025-12-12,enterprise
 c00684 , Demo   Contact 0684 , CONTACT0684@EXAMPLE.TEST , USA ,2025-01-13, Basic 
 c00685 , Demo   Contact 0685 , CONTACT0685@EXAMPLE.TEST ,United Kingdom,2025-02-14,PRO
 c00686 , Demo   Contact 0686 , CONTACT0686@EXAMPLE.TEST ,China,2025-03-15,enterprise
 c00687 , Demo   Contact 0687 , CONTACT0687@EXAMPLE.TEST ,UAE,2025-04-16, Basic 
 c00688 , Demo   Contact 0688 , CONTACT0688@EXAMPLE.TEST , USA ,2025-05-17,PRO
 c00689 , Demo   Contact 0689 , CONTACT0689@EXAMPLE.TEST ,United Kingdom,2025-06-18,enterprise
 c00690 , Demo   Contact 0690 , CONTACT0690@EXAMPLE.TEST ,China,2025-07-19, Basic 
 c00691 , Demo   Contact 0691 , CONTACT0691@EXAMPLE.TEST ,UAE,2025-08-20,PRO
 c00692 , Demo   Contact 0692 , CONTACT0692@EXAMPLE.TEST , USA ,2025-09-21,enterprise
 c00693 , Demo   Contact 0693 , CONTACT0693@EXAMPLE.TEST ,United Kingdom,2025-10-22, Basic 
 c00694 , Demo   Contact 0694 , CONTACT0694@EXAMPLE.TEST ,China,2025-11-23,PRO
 c00695 , Demo   Contact 0695 , CONTACT0695@EXAMPLE.TEST ,UAE,2025-12-24,enterprise
 c00696 , Demo   Contact 0696 , CONTACT0696@EXAMPLE.TEST , USA ,2025-01-25, Basic 
 c00697 , Demo   Contact 0697 , CONTACT0697@EXAMPLE.TEST ,United Kingdom,2025-02-26,PRO
 c00698 , Demo   Contact 0698 , CONTACT0698@EXAMPLE.TEST ,China,2025-03-27,enterprise
 c00699 , Demo   Contact 0699 , CONTACT0699@EXAMPLE.TEST ,UAE,2025-04-28, Basic 
 c00700 , Demo   Contact 0700 , CONTACT0700@EXAMPLE.TEST , USA ,2025-05-01,PRO
 c00701 , Demo   Contact 0701 , CONTACT0701@EXAMPLE.TEST ,United Kingdom,2025-06-02,enterprise
 c00702 , Demo   Contact 0702 , CONTACT0702@EXAMPLE.TEST ,China,2025-07-03, Basic 
 c00703 , Demo   Contact 0703 , CONTACT0703@EXAMPLE.TEST ,UAE,2025-08-04,PRO
 c00704 , Demo   Contact 0704 , CONTACT0704@EXAMPLE.TEST , USA ,2025-09-05,enterprise
 c00705 , Demo   Contact 0705 , CONTACT0705@EXAMPLE.TEST ,United Kingdom,2025-10-06, Basic 
 c00706 , Demo   Contact 0706 , CONTACT0706@EXAMPLE.TEST ,China,2025-11-07,PRO
 c00707 , Demo   Contact 0707 , CONTACT0707@EXAMPLE.TEST ,UAE,2025-12-08,enterprise
 c00708 , Demo   Contact 0708 , CONTACT0708@EXAMPLE.TEST , USA ,2025-01-09, Basic 
 c00709 , Demo   Contact 0709 , CONTACT0709@EXAMPLE.TEST ,United Kingdom,2025-02-10,PRO
 c00710 , Demo   Contact 0710 , CONTACT0710@EXAMPLE.TEST ,China,2025-03-11,enterprise
 c00711 , Demo   Contact 0711 , CONTACT0711@EXAMPLE.TEST ,UAE,2025-04-12, Basic 
 c00712 , Demo   Contact 0712 , CONTACT0712@EXAMPLE.TEST , USA ,2025-05-13,PRO
 c00713 , Demo   Contact 0713 , CONTACT0713@EXAMPLE.TEST ,United Kingdom,2025-06-14,enterprise
 c00714 , Demo   Contact 0714 , CONTACT0714@EXAMPLE.TEST ,China,2025-07-15, Basic 
 c00715 , Demo   Contact 0715 , CONTACT0715@EXAMPLE.TEST ,UAE,2025-08-16,PRO
 c00716 , Demo   Contact 0716 , CONTACT0716@EXAMPLE.TEST , USA ,2025-09-17,enterprise
 c00717 , Demo   Contact 0717 , CONTACT0717@EXAMPLE.TEST ,United Kingdom,2025-10-18, Basic 
 c00718 , Demo   Contact 0718 , CONTACT0718@EXAMPLE.TEST ,China,2025-11-19,PRO
 c00719 , Demo   Contact 0719 , CONTACT0719@EXAMPLE.TEST ,UAE,2025-12-20,enterprise
 c00720 , Demo   Contact 0720 , CONTACT0720@EXAMPLE.TEST , USA ,2025-01-21, Basic 
 c00721 , Demo   Contact 0721 , CONTACT0721@EXAMPLE.TEST ,United Kingdom,2025-02-22,PRO
 c00722 , Demo   Contact 0722 , CONTACT0722@EXAMPLE.TEST ,China,2025-03-23,enterprise
 c00723 , Demo   Contact 0723 , CONTACT0723@EXAMPLE.TEST ,UAE,2025-04-24, Basic 
 c00724 , Demo   Contact 0724 , CONTACT0724@EXAMPLE.TEST , USA ,2025-05-25,PRO
 c00725 , Demo   Contact 0725 , CONTACT0725@EXAMPLE.TEST ,United Kingdom,2025-06-26,enterprise
 c00726 , Demo   Contact 0726 , CONTACT0726@EXAMPLE.TEST ,China,2025-07-27, Basic 
 c00727 , Demo   Contact 0727 , CONTACT0727@EXAMPLE.TEST ,UAE,2025-08-28,PRO
 c00728 , Demo   Contact 0728 , CONTACT0728@EXAMPLE.TEST , USA ,2025-09-01,enterprise
 c00729 , Demo   Contact 0729 , CONTACT0729@EXAMPLE.TEST ,United Kingdom,2025-10-02, Basic 
 c00730 , Demo   Contact 0730 , CONTACT0730@EXAMPLE.TEST ,China,2025-11-03,PRO
 c00731 , Demo   Contact 0731 , CONTACT0731@EXAMPLE.TEST ,UAE,2025-12-04,enterprise
 c00732 , Demo   Contact 0732 , CONTACT0732@EXAMPLE.TEST , USA ,2025-01-05, Basic 
 c00733 , Demo   Contact 0733 , CONTACT0733@EXAMPLE.TEST ,United Kingdom,2025-02-06,PRO
 c00734 , Demo   Contact 0734 , CONTACT0734@EXAMPLE.TEST ,China,2025-03-07,enterprise
 c00735 , Demo   Contact 0735 , CONTACT0735@EXAMPLE.TEST ,UAE,2025-04-08, Basic 
 c00736 , Demo   Contact 0736 , CONTACT0736@EXAMPLE.TEST , USA ,2025-05-09,PRO
 c00737 , Demo   Contact 0737 , CONTACT0737@EXAMPLE.TEST ,United Kingdom,2025-06-10,enterprise
 c00738 , Demo   Contact 0738 , CONTACT0738@EXAMPLE.TEST ,China,2025-07-11, Basic 
 c00739 , Demo   Contact 0739 , CONTACT0739@EXAMPLE.TEST ,UAE,2025-08-12,PRO
 c00740 , Demo   Contact 0740 , CONTACT0740@EXAMPLE.TEST , USA ,2025-09-13,enterprise
 c00741 , Demo   Contact 0741 , CONTACT0741@EXAMPLE.TEST ,United Kingdom,2025-10-14, Basic 
 c00742 , Demo   Contact 0742 , CONTACT0742@EXAMPLE.TEST ,China,2025-11-15,PRO
 c00743 , Demo   Contact 0743 , CONTACT0743@EXAMPLE.TEST ,UAE,2025-12-16,enterprise
 c00744 , Demo   Contact 0744 , CONTACT0744@EXAMPLE.TEST , USA ,2025-01-17, Basic 
 c00745 , Demo   Contact 0745 , CONTACT0745@EXAMPLE.TEST ,United Kingdom,2025-02-18,PRO
 c00746 , Demo   Contact 0746 , CONTACT0746@EXAMPLE.TEST ,China,2025-03-19,enterprise
 c00747 , Demo   Contact 0747 , CONTACT0747@EXAMPLE.TEST ,UAE,2025-04-20, Basic 
 c00748 , Demo   Contact 0748 , CONTACT0748@EXAMPLE.TEST , USA ,2025-05-21,PRO
 c00749 , Demo   Contact 0749 , CONTACT0749@EXAMPLE.TEST ,United Kingdom,2025-06-22,enterprise
 c00750 , Demo   Contact 0750 , CONTACT0750@EXAMPLE.TEST ,China,2025-07-23, Basic 
 c00751 , Demo   Contact 0751 , CONTACT0751@EXAMPLE.TEST ,UAE,2025-08-24,PRO
 c00752 , Demo   Contact 0752 , CONTACT0752@EXAMPLE.TEST , USA ,2025-09-25,enterprise
 c00753 , Demo   Contact 0753 , CONTACT0753@EXAMPLE.TEST ,United Kingdom,2025-10-26, Basic 
 c00754 , Demo   Contact 0754 , CONTACT0754@EXAMPLE.TEST ,China,2025-11-27,PRO
 c00755 , Demo   Contact 0755 , CONTACT0755@EXAMPLE.TEST ,UAE,2025-12-28,enterprise
 c00756 , Demo   Contact 0756 , CONTACT0756@EXAMPLE.TEST , USA ,2025-01-01, Basic 
 c00757 , Demo   Contact 0757 , CONTACT0757@EXAMPLE.TEST ,United Kingdom,2025-02-02,PRO
 c00758 , Demo   Contact 0758 , CONTACT0758@EXAMPLE.TEST ,China,2025-03-03,enterprise
 c00759 , Demo   Contact 0759 , CONTACT0759@EXAMPLE.TEST ,UAE,2025-04-04, Basic 
 c00760 , Demo   Contact 0760 , CONTACT0760@EXAMPLE.TEST , USA ,2025-05-05,PRO
 c00761 , Demo   Contact 0761 , CONTACT0761@EXAMPLE.TEST ,United Kingdom,2025-06-06,enterprise
 c00762 , Demo   Contact 0762 , CONTACT0762@EXAMPLE.TEST ,China,2025-07-07, Basic 
 c00763 , Demo   Contact 0763 , CONTACT0763@EXAMPLE.TEST ,UAE,2025-08-08,PRO
 c00764 , Demo   Contact 0764 , CONTACT0764@EXAMPLE.TEST , USA ,2025-09-09,enterprise
 c00765 , Demo   Contact 0765 , CONTACT0765@EXAMPLE.TEST ,United Kingdom,2025-10-10, Basic 
 c00766 , Demo   Contact 0766 , CONTACT0766@EXAMPLE.TEST ,China,2025-11-11,PRO
 c00767 , Demo   Contact 0767 , CONTACT0767@EXAMPLE.TEST ,UAE,2025-12-12,enterprise
 c00768 , Demo   Contact 0768 , CONTACT0768@EXAMPLE.TEST , USA ,2025-01-13, Basic 
 c00769 , Demo   Contact 0769 , CONTACT0769@EXAMPLE.TEST ,United Kingdom,2025-02-14,PRO
 c00770 , Demo   Contact 0770 , CONTACT0770@EXAMPLE.TEST ,China,2025-03-15,enterprise
 c00771 , Demo   Contact 0771 , CONTACT0771@EXAMPLE.TEST ,UAE,2025-04-16, Basic 
 c00772 , Demo   Contact 0772 , CONTACT0772@EXAMPLE.TEST , USA ,2025-05-17,PRO
 c00773 , Demo   Contact 0773 , CONTACT0773@EXAMPLE.TEST ,United Kingdom,2025-06-18,enterprise
 c00774 , Demo   Contact 0774 , CONTACT0774@EXAMPLE.TEST ,China,2025-07-19, Basic 
 c00775 , Demo   Contact 0775 , CONTACT0775@EXAMPLE.TEST ,UAE,2025-08-20,PRO
 c00776 , Demo   Contact 0776 , CONTACT0776@EXAMPLE.TEST , USA ,2025-09-21,enterprise
 c00777 , Demo   Contact 0777 , CONTACT0777@EXAMPLE.TEST ,United Kingdom,2025-10-22, Basic 
 c00778 , Demo   Contact 0778 , CONTACT0778@EXAMPLE.TEST ,China,2025-11-23,PRO
 c00779 , Demo   Contact 0779 , CONTACT0779@EXAMPLE.TEST ,UAE,2025-12-24,enterprise
 c00780 , Demo   Contact 0780 , CONTACT0780@EXAMPLE.TEST , USA ,2025-01-25, Basic 
 c00781 , Demo   Contact 0781 , CONTACT0781@EXAMPLE.TEST ,United Kingdom,2025-02-26,PRO
 c00782 , Demo   Contact 0782 , CONTACT0782@EXAMPLE.TEST ,China,2025-03-27,enterprise
 c00783 , Demo   Contact 0783 , CONTACT0783@EXAMPLE.TEST ,UAE,2025-04-28, Basic 
 c00784 , Demo   Contact 0784 , CONTACT0784@EXAMPLE.TEST , USA ,2025-05-01,PRO
 c00785 , Demo   Contact 0785 , CONTACT0785@EXAMPLE.TEST ,United Kingdom,2025-06-02,enterprise
 c00786 , Demo   Contact 0786 , CONTACT0786@EXAMPLE.TEST ,China,2025-07-03, Basic 
 c00787 , Demo   Contact 0787 , CONTACT0787@EXAMPLE.TEST ,UAE,2025-08-04,PRO
 c00788 , Demo   Contact 0788 , CONTACT0788@EXAMPLE.TEST , USA ,2025-09-05,enterprise
 c00789 , Demo   Contact 0789 , CONTACT0789@EXAMPLE.TEST ,United Kingdom,2025-10-06, Basic 
 c00790 , Demo   Contact 0790 , CONTACT0790@EXAMPLE.TEST ,China,2025-11-07,PRO
 c00791 , Demo   Contact 0791 , CONTACT0791@EXAMPLE.TEST ,UAE,2025-12-08,enterprise
 c00792 , Demo   Contact 0792 , CONTACT0792@EXAMPLE.TEST , USA ,2025-01-09, Basic 
 c00793 , Demo   Contact 0793 , CONTACT0793@EXAMPLE.TEST ,United Kingdom,2025-02-10,PRO
 c00794 , Demo   Contact 0794 , CONTACT0794@EXAMPLE.TEST ,China,2025-03-11,enterprise
 c00795 , Demo   Contact 0795 , CONTACT0795@EXAMPLE.TEST ,UAE,2025-04-12, Basic 
 c00796 , Demo   Contact 0796 , CONTACT0796@EXAMPLE.TEST , USA ,2025-05-13,PRO
 c00797 , Demo   Contact 0797 , CONTACT0797@EXAMPLE.TEST ,United Kingdom,2025-06-14,enterprise
 c00798 , Demo   Contact 0798 , CONTACT0798@EXAMPLE.TEST ,China,2025-07-15, Basic 
 c00799 , Demo   Contact 0799 , CONTACT0799@EXAMPLE.TEST ,UAE,2025-08-16,PRO
 c00800 , Demo   Contact 0800 , CONTACT0800@EXAMPLE.TEST , USA ,2025-09-17,enterprise
 c00801 , Demo   Contact 0801 , CONTACT0801@EXAMPLE.TEST ,United Kingdom,2025-10-18, Basic 
 c00802 , Demo   Contact 0802 , CONTACT0802@EXAMPLE.TEST ,China,2025-11-19,PRO
 c00803 , Demo   Contact 0803 , CONTACT0803@EXAMPLE.TEST ,UAE,2025-12-20,enterprise
 c00804 , Demo   Contact 0804 , CONTACT0804@EXAMPLE.TEST , USA ,2025-01-21, Basic 
 c00805 , Demo   Contact 0805 , CONTACT0805@EXAMPLE.TEST ,United Kingdom,2025-02-22,PRO
 c00806 , Demo   Contact 0806 , CONTACT0806@EXAMPLE.TEST ,China,2025-03-23,enterprise
 c00807 , Demo   Contact 0807 , CONTACT0807@EXAMPLE.TEST ,UAE,2025-04-24, Basic 
 c00808 , Demo   Contact 0808 , CONTACT0808@EXAMPLE.TEST , USA ,2025-05-25,PRO
 c00809 , Demo   Contact 0809 , CONTACT0809@EXAMPLE.TEST ,United Kingdom,2025-06-26,enterprise
 c00810 , Demo   Contact 0810 , CONTACT0810@EXAMPLE.TEST ,China,2025-07-27, Basic 
 c00811 , Demo   Contact 0811 , CONTACT0811@EXAMPLE.TEST ,UAE,2025-08-28,PRO
 c00812 , Demo   Contact 0812 , CONTACT0812@EXAMPLE.TEST , USA ,2025-09-01,enterprise
 c00813 , Demo   Contact 0813 , CONTACT0813@EXAMPLE.TEST ,United Kingdom,2025-10-02, Basic 
 c00814 , Demo   Contact 0814 , CONTACT0814@EXAMPLE.TEST ,China,2025-11-03,PRO
 c00815 , Demo   Contact 0815 , CONTACT0815@EXAMPLE.TEST ,UAE,2025-12-04,enterprise
 c00816 , Demo   Contact 0816 , CONTACT0816@EXAMPLE.TEST , USA ,2025-01-05, Basic 
 c00817 , Demo   Contact 0817 , CONTACT0817@EXAMPLE.TEST ,United Kingdom,2025-02-06,PRO
 c00818 , Demo   Contact 0818 , CONTACT0818@EXAMPLE.TEST ,China,2025-03-07,enterprise
 c00819 , Demo   Contact 0819 , CONTACT0819@EXAMPLE.TEST ,UAE,2025-04-08, Basic 
 c00820 , Demo   Contact 0820 , CONTACT0820@EXAMPLE.TEST , USA ,2025-05-09,PRO
 c00821 , Demo   Contact 0821 , CONTACT0821@EXAMPLE.TEST ,United Kingdom,2025-06-10,enterprise
 c00822 , Demo   Contact 0822 , CONTACT0822@EXAMPLE.TEST ,China,2025-07-11, Basic 
 c00823 , Demo   Contact 0823 , CONTACT0823@EXAMPLE.TEST ,UAE,2025-08-12,PRO
 c00824 , Demo   Contact 0824 , CONTACT0824@EXAMPLE.TEST , USA ,2025-09-13,enterprise
 c00825 , Demo   Contact 0825 , CONTACT0825@EXAMPLE.TEST ,United Kingdom,2025-10-14, Basic 
 c00826 , Demo   Contact 0826 , CONTACT0826@EXAMPLE.TEST ,China,2025-11-15,PRO
 c00827 , Demo   Contact 0827 , CONTACT0827@EXAMPLE.TEST ,UAE,2025-12-16,enterprise
 c00828 , Demo   Contact 0828 , CONTACT0828@EXAMPLE.TEST , USA ,2025-01-17, Basic 
 c00829 , Demo   Contact 0829 , CONTACT0829@EXAMPLE.TEST ,United Kingdom,2025-02-18,PRO
 c00830 , Demo   Contact 0830 , CONTACT0830@EXAMPLE.TEST ,China,2025-03-19,enterprise
 c00831 , Demo   Contact 0831 , CONTACT0831@EXAMPLE.TEST ,UAE,2025-04-20, Basic 
 c00832 , Demo   Contact 0832 , CONTACT0832@EXAMPLE.TEST , USA ,2025-05-21,PRO
 c00833 , Demo   Contact 0833 , CONTACT0833@EXAMPLE.TEST ,United Kingdom,2025-06-22,enterprise
 c00834 , Demo   Contact 0834 , CONTACT0834@EXAMPLE.TEST ,China,2025-07-23, Basic 
 c00835 , Demo   Contact 0835 , CONTACT0835@EXAMPLE.TEST ,UAE,2025-08-24,PRO
 c00836 , Demo   Contact 0836 , CONTACT0836@EXAMPLE.TEST , USA ,2025-09-25,enterprise
 c00837 , Demo   Contact 0837 , CONTACT0837@EXAMPLE.TEST ,United Kingdom,2025-10-26, Basic 
 c00838 , Demo   Contact 0838 , CONTACT0838@EXAMPLE.TEST ,China,2025-11-27,PRO
 c00839 , Demo   Contact 0839 , CONTACT0839@EXAMPLE.TEST ,UAE,2025-12-28,enterprise
 c00840 , Demo   Contact 0840 , CONTACT0840@EXAMPLE.TEST , USA ,2025-01-01, Basic 
 c00841 , Demo   Contact 0841 , CONTACT0841@EXAMPLE.TEST ,United Kingdom,2025-02-02,PRO
 c00842 , Demo   Contact 0842 , CONTACT0842@EXAMPLE.TEST ,China,2025-03-03,enterprise
 c00843 , Demo   Contact 0843 , CONTACT0843@EXAMPLE.TEST ,UAE,2025-04-04, Basic 
 c00844 , Demo   Contact 0844 , CONTACT0844@EXAMPLE.TEST , USA ,2025-05-05,PRO
 c00845 , Demo   Contact 0845 , CONTACT0845@EXAMPLE.TEST ,United Kingdom,2025-06-06,enterprise
 c00846 , Demo   Contact 0846 , CONTACT0846@EXAMPLE.TEST ,China,2025-07-07, Basic 
 c00847 , Demo   Contact 0847 , CONTACT0847@EXAMPLE.TEST ,UAE,2025-08-08,PRO
 c00848 , Demo   Contact 0848 , CONTACT0848@EXAMPLE.TEST , USA ,2025-09-09,enterprise
 c00849 , Demo   Contact 0849 , CONTACT0849@EXAMPLE.TEST ,United Kingdom,2025-10-10, Basic 
 c00850 , Demo   Contact 0850 , CONTACT0850@EXAMPLE.TEST ,China,2025-11-11,PRO
 c00851 , Demo   Contact 0851 , CONTACT0851@EXAMPLE.TEST ,UAE,2025-12-12,enterprise
 c00852 , Demo   Contact 0852 , CONTACT0852@EXAMPLE.TEST , USA ,2025-01-13, Basic 
 c00853 , Demo   Contact 0853 , CONTACT0853@EXAMPLE.TEST ,United Kingdom,2025-02-14,PRO
 c00854 , Demo   Contact 0854 , CONTACT0854@EXAMPLE.TEST ,China,2025-03-15,enterprise
 c00855 , Demo   Contact 0855 , CONTACT0855@EXAMPLE.TEST ,UAE,2025-04-16, Basic 
 c00856 , Demo   Contact 0856 , CONTACT0856@EXAMPLE.TEST , USA ,2025-05-17,PRO
 c00857 , Demo   Contact 0857 , CONTACT0857@EXAMPLE.TEST ,United Kingdom,2025-06-18,enterprise
 c00858 , Demo   Contact 0858 , CONTACT0858@EXAMPLE.TEST ,China,2025-07-19, Basic 
 c00859 , Demo   Contact 0859 , CONTACT0859@EXAMPLE.TEST ,UAE,2025-08-20,PRO
 c00860 , Demo   Contact 0860 , CONTACT0860@EXAMPLE.TEST , USA ,2025-09-21,enterprise
 c00861 , Demo   Contact 0861 , CONTACT0861@EXAMPLE.TEST ,United Kingdom,2025-10-22, Basic 
 c00862 , Demo   Contact 0862 , CONTACT0862@EXAMPLE.TEST ,China,2025-11-23,PRO
 c00863 , Demo   Contact 0863 , CONTACT0863@EXAMPLE.TEST ,UAE,2025-12-24,enterprise
 c00864 , Demo   Contact 0864 , CONTACT0864@EXAMPLE.TEST , USA ,2025-01-25, Basic 
 c00865 , Demo   Contact 0865 , CONTACT0865@EXAMPLE.TEST ,United Kingdom,2025-02-26,PRO
 c00866 , Demo   Contact 0866 , CONTACT0866@EXAMPLE.TEST ,China,2025-03-27,enterprise
 c00867 , Demo   Contact 0867 , CONTACT0867@EXAMPLE.TEST ,UAE,2025-04-28, Basic 
 c00868 , Demo   Contact 0868 , CONTACT0868@EXAMPLE.TEST , USA ,2025-05-01,PRO
 c00869 , Demo   Contact 0869 , CONTACT0869@EXAMPLE.TEST ,United Kingdom,2025-06-02,enterprise
 c00870 , Demo   Contact 0870 , CONTACT0870@EXAMPLE.TEST ,China,2025-07-03, Basic 
 c00871 , Demo   Contact 0871 , CONTACT0871@EXAMPLE.TEST ,UAE,2025-08-04,PRO
 c00872 , Demo   Contact 0872 , CONTACT0872@EXAMPLE.TEST , USA ,2025-09-05,enterprise
 c00873 , Demo   Contact 0873 , CONTACT0873@EXAMPLE.TEST ,United Kingdom,2025-10-06, Basic 
 c00874 , Demo   Contact 0874 , CONTACT0874@EXAMPLE.TEST ,China,2025-11-07,PRO
 c00875 , Demo   Contact 0875 , CONTACT0875@EXAMPLE.TEST ,UAE,2025-12-08,enterprise
 c00876 , Demo   Contact 0876 , CONTACT0876@EXAMPLE.TEST , USA ,2025-01-09, Basic 
 c00877 , Demo   Contact 0877 , CONTACT0877@EXAMPLE.TEST ,United Kingdom,2025-02-10,PRO
 c00878 , Demo   Contact 0878 , CONTACT0878@EXAMPLE.TEST ,China,2025-03-11,enterprise
 c00879 , Demo   Contact 0879 , CONTACT0879@EXAMPLE.TEST ,UAE,2025-04-12, Basic 
 c00880 , Demo   Contact 0880 , CONTACT0880@EXAMPLE.TEST , USA ,2025-05-13,PRO
 c00881 , Demo   Contact 0881 , CONTACT0881@EXAMPLE.TEST ,United Kingdom,2025-06-14,enterprise
 c00882 , Demo   Contact 0882 , CONTACT0882@EXAMPLE.TEST ,China,2025-07-15, Basic 
 c00883 , Demo   Contact 0883 , CONTACT0883@EXAMPLE.TEST ,UAE,2025-08-16,PRO
 c00884 , Demo   Contact 0884 , CONTACT0884@EXAMPLE.TEST , USA ,2025-09-17,enterprise
 c00885 , Demo   Contact 0885 , CONTACT0885@EXAMPLE.TEST ,United Kingdom,2025-10-18, Basic 
 c00886 , Demo   Contact 0886 , CONTACT0886@EXAMPLE.TEST ,China,2025-11-19,PRO
 c00887 , Demo   Contact 0887 , CONTACT0887@EXAMPLE.TEST ,UAE,2025-12-20,enterprise
 c00888 , Demo   Contact 0888 , CONTACT0888@EXAMPLE.TEST , USA ,2025-01-21, Basic 
 c00889 , Demo   Contact 0889 , CONTACT0889@EXAMPLE.TEST ,United Kingdom,2025-02-22,PRO
 c00890 , Demo   Contact 0890 , CONTACT0890@EXAMPLE.TEST ,China,2025-03-23,enterprise
 c00891 , Demo   Contact 0891 , CONTACT0891@EXAMPLE.TEST ,UAE,2025-04-24, Basic 
 c00892 , Demo   Contact 0892 , CONTACT0892@EXAMPLE.TEST , USA ,2025-05-25,PRO
 c00893 , Demo   Contact 0893 , CONTACT0893@EXAMPLE.TEST ,United Kingdom,2025-06-26,enterprise
 c00894 , Demo   Contact 0894 , CONTACT0894@EXAMPLE.TEST ,China,2025-07-27, Basic 
 c00895 , Demo   Contact 0895 , CONTACT0895@EXAMPLE.TEST ,UAE,2025-08-28,PRO
 c00896 , Demo   Contact 0896 , CONTACT0896@EXAMPLE.TEST , USA ,2025-09-01,enterprise
 c00897 , Demo   Contact 0897 , CONTACT0897@EXAMPLE.TEST ,United Kingdom,2025-10-02, Basic 
 c00898 , Demo   Contact 0898 , CONTACT0898@EXAMPLE.TEST ,China,2025-11-03,PRO
 c00899 , Demo   Contact 0899 , CONTACT0899@EXAMPLE.TEST ,UAE,2025-12-04,enterprise
 c00900 , Demo   Contact 0900 , CONTACT0900@EXAMPLE.TEST , USA ,2025-01-05, Basic 
 c00901 , Demo   Contact 0901 , CONTACT0901@EXAMPLE.TEST ,United Kingdom,2025-02-06,PRO
 c00902 , Demo   Contact 0902 , CONTACT0902@EXAMPLE.TEST ,China,2025-03-07,enterprise
 c00903 , Demo   Contact 0903 , CONTACT0903@EXAMPLE.TEST ,UAE,2025-04-08, Basic 
 c00904 , Demo   Contact 0904 , CONTACT0904@EXAMPLE.TEST , USA ,2025-05-09,PRO
 c00905 , Demo   Contact 0905 , CONTACT0905@EXAMPLE.TEST ,United Kingdom,2025-06-10,enterprise
 c00906 , Demo   Contact 0906 , CONTACT0906@EXAMPLE.TEST ,China,2025-07-11, Basic 
 c00907 , Demo   Contact 0907 , CONTACT0907@EXAMPLE.TEST ,UAE,2025-08-12,PRO
 c00908 , Demo   Contact 0908 , CONTACT0908@EXAMPLE.TEST , USA ,2025-09-13,enterprise
 c00909 , Demo   Contact 0909 , CONTACT0909@EXAMPLE.TEST ,United Kingdom,2025-10-14, Basic 
 c00910 , Demo   Contact 0910 , CONTACT0910@EXAMPLE.TEST ,China,2025-11-15,PRO
 c00911 , Demo   Contact 0911 , CONTACT0911@EXAMPLE.TEST ,UAE,2025-12-16,enterprise
 c00912 , Demo   Contact 0912 , CONTACT0912@EXAMPLE.TEST , USA ,2025-01-17, Basic 
 c00913 , Demo   Contact 0913 , CONTACT0913@EXAMPLE.TEST ,United Kingdom,2025-02-18,PRO
 c00914 , Demo   Contact 0914 , CONTACT0914@EXAMPLE.TEST ,China,2025-03-19,enterprise
 c00915 , Demo   Contact 0915 , CONTACT0915@EXAMPLE.TEST ,UAE,2025-04-20, Basic 
 c00916 , Demo   Contact 0916 , CONTACT0916@EXAMPLE.TEST , USA ,2025-05-21,PRO
 c00917 , Demo   Contact 0917 , CONTACT0917@EXAMPLE.TEST ,United Kingdom,2025-06-22,enterprise
 c00918 , Demo   Contact 0918 , CONTACT0918@EXAMPLE.TEST ,China,2025-07-23, Basic 
 c00919 , Demo   Contact 0919 , CONTACT0919@EXAMPLE.TEST ,UAE,2025-08-24,PRO
 c00920 , Demo   Contact 0920 , CONTACT0920@EXAMPLE.TEST , USA ,2025-09-25,enterprise
 c00921 , Demo   Contact 0921 , CONTACT0921@EXAMPLE.TEST ,United Kingdom,2025-10-26, Basic 
 c00922 , Demo   Contact 0922 , CONTACT0922@EXAMPLE.TEST ,China,2025-11-27,PRO
 c00923 , Demo   Contact 0923 , CONTACT0923@EXAMPLE.TEST ,UAE,2025-12-28,enterprise
 c00924 , Demo   Contact 0924 , CONTACT0924@EXAMPLE.TEST , USA ,2025-01-01, Basic 
 c00925 , Demo   Contact 0925 , CONTACT0925@EXAMPLE.TEST ,United Kingdom,2025-02-02,PRO
 c00926 , Demo   Contact 0926 , CONTACT0926@EXAMPLE.TEST ,China,2025-03-03,enterprise
 c00927 , Demo   Contact 0927 , CONTACT0927@EXAMPLE.TEST ,UAE,2025-04-04, Basic 
 c00928 , Demo   Contact 0928 , CONTACT0928@EXAMPLE.TEST , USA ,2025-05-05,PRO
 c00929 , Demo   Contact 0929 , CONTACT0929@EXAMPLE.TEST ,United Kingdom,2025-06-06,enterprise
 c00930 , Demo   Contact 0930 , CONTACT0930@EXAMPLE.TEST ,China,2025-07-07, Basic 
 c00931 , Demo   Contact 0931 , CONTACT0931@EXAMPLE.TEST ,UAE,2025-08-08,PRO
 c00932 , Demo   Contact 0932 , CONTACT0932@EXAMPLE.TEST , USA ,2025-09-09,enterprise
 c00933 , Demo   Contact 0933 , CONTACT0933@EXAMPLE.TEST ,United Kingdom,2025-10-10, Basic 
 c00934 , Demo   Contact 0934 , CONTACT0934@EXAMPLE.TEST ,China,2025-11-11,PRO
 c00935 , Demo   Contact 0935 , CONTACT0935@EXAMPLE.TEST ,UAE,2025-12-12,enterprise
 c00936 , Demo   Contact 0936 , CONTACT0936@EXAMPLE.TEST , USA ,2025-01-13, Basic 
 c00937 , Demo   Contact 0937 , CONTACT0937@EXAMPLE.TEST ,United Kingdom,2025-02-14,PRO
 c00938 , Demo   Contact 0938 , CONTACT0938@EXAMPLE.TEST ,China,2025-03-15,enterprise
 c00939 , Demo   Contact 0939 , CONTACT0939@EXAMPLE.TEST ,UAE,2025-04-16, Basic 
 c00940 , Demo   Contact 0940 , CONTACT0940@EXAMPLE.TEST , USA ,2025-05-17,PRO
 c00941 , Demo   Contact 0941 , CONTACT0941@EXAMPLE.TEST ,United Kingdom,2025-06-18,enterprise
 c00942 , Demo   Contact 0942 , CONTACT0942@EXAMPLE.TEST ,China,2025-07-19, Basic 
 c00943 , Demo   Contact 0943 , CONTACT0943@EXAMPLE.TEST ,UAE,2025-08-20,PRO
 c00944 , Demo   Contact 0944 , CONTACT0944@EXAMPLE.TEST , USA ,2025-09-21,enterprise
 c00945 , Demo   Contact 0945 , CONTACT0945@EXAMPLE.TEST ,United Kingdom,2025-10-22, Basic 
 c00946 , Demo   Contact 0946 , CONTACT0946@EXAMPLE.TEST ,China,2025-11-23,PRO
 c00947 , Demo   Contact 0947 , CONTACT0947@EXAMPLE.TEST ,UAE,2025-12-24,enterprise
 c00948 , Demo   Contact 0948 , CONTACT0948@EXAMPLE.TEST , USA ,2025-01-25, Basic 
 c00949 , Demo   Contact 0949 , CONTACT0949@EXAMPLE.TEST ,United Kingdom,2025-02-26,PRO
 c00950 , Demo   Contact 0950 , CONTACT0950@EXAMPLE.TEST ,China,2025-03-27,enterprise
 c00951 , Demo   Contact 0951 , CONTACT0951@EXAMPLE.TEST ,UAE,2025-04-28, Basic 
 c00952 , Demo   Contact 0952 , CONTACT0952@EXAMPLE.TEST , USA ,2025-05-01,PRO
 c00953 , Demo   Contact 0953 , CONTACT0953@EXAMPLE.TEST ,United Kingdom,2025-06-02,enterprise
 c00954 , Demo   Contact 0954 , CONTACT0954@EXAMPLE.TEST ,China,2025-07-03, Basic 
 c00955 , Demo   Contact 0955 , CONTACT0955@EXAMPLE.TEST ,UAE,2025-08-04,PRO
 c00956 , Demo   Contact 0956 , CONTACT0956@EXAMPLE.TEST , USA ,2025-09-05,enterprise
 c00957 , Demo   Contact 0957 , CONTACT0957@EXAMPLE.TEST ,United Kingdom,2025-10-06, Basic 
 c00958 , Demo   Contact 0958 , CONTACT0958@EXAMPLE.TEST ,China,2025-11-07,PRO
 c00959 , Demo   Contact 0959 , CONTACT0959@EXAMPLE.TEST ,UAE,2025-12-08,enterprise
 c00960 , Demo   Contact 0960 , CONTACT0960@EXAMPLE.TEST , USA ,2025-01-09, Basic 
 c00961 , Demo   Contact 0961 , CONTACT0961@EXAMPLE.TEST ,United Kingdom,2025-02-10,PRO
 c00962 , Demo   Contact 0962 , CONTACT0962@EXAMPLE.TEST ,China,2025-03-11,enterprise
 c00963 , Demo   Contact 0963 , CONTACT0963@EXAMPLE.TEST ,UAE,2025-04-12, Basic 
 c00964 , Demo   Contact 0964 , CONTACT0964@EXAMPLE.TEST , USA ,2025-05-13,PRO
 c00965 , Demo   Contact 0965 , CONTACT0965@EXAMPLE.TEST ,United Kingdom,2025-06-14,enterprise
 c00966 , Demo   Contact 0966 , CONTACT0966@EXAMPLE.TEST ,China,2025-07-15, Basic 
 c00967 , Demo   Contact 0967 , CONTACT0967@EXAMPLE.TEST ,UAE,2025-08-16,PRO
 c00968 , Demo   Contact 0968 , CONTACT0968@EXAMPLE.TEST , USA ,2025-09-17,enterprise
 c00969 , Demo   Contact 0969 , CONTACT0969@EXAMPLE.TEST ,United Kingdom,2025-10-18, Basic 
 c00970 , Demo   Contact 0970 , CONTACT0970@EXAMPLE.TEST ,China,2025-11-19,PRO
 c00971 , Demo   Contact 0971 , CONTACT0971@EXAMPLE.TEST ,UAE,2025-12-20,enterprise
 c00972 , Demo   Contact 0972 , CONTACT0972@EXAMPLE.TEST , USA ,2025-01-21, Basic 
 c00973 , Demo   Contact 0973 , CONTACT0973@EXAMPLE.TEST ,United Kingdom,2025-02-22,PRO
 c00974 , Demo   Contact 0974 , CONTACT0974@EXAMPLE.TEST ,China,2025-03-23,enterprise
 c00975 , Demo   Contact 0975 , CONTACT0975@EXAMPLE.TEST ,UAE,2025-04-24, Basic 
 c00976 , Demo   Contact 0976 , CONTACT0976@EXAMPLE.TEST , USA ,2025-05-25,PRO
 c00977 , Demo   Contact 0977 , CONTACT0977@EXAMPLE.TEST ,United Kingdom,2025-06-26,enterprise
 c00978 , Demo   Contact 0978 , CONTACT0978@EXAMPLE.TEST ,China,2025-07-27, Basic 
 c00979 , Demo   Contact 0979 , CONTACT0979@EXAMPLE.TEST ,UAE,2025-08-28,PRO
 c00980 , Demo   Contact 0980 , CONTACT0980@EXAMPLE.TEST , USA ,2025-09-01,enterprise
 c00981 , Demo   Contact 0981 , CONTACT0981@EXAMPLE.TEST ,United Kingdom,2025-10-02, Basic 
 c00982 , Demo   Contact 0982 , CONTACT0982@EXAMPLE.TEST ,China,2025-11-03,PRO
 c00983 , Demo   Contact 0983 , CONTACT0983@EXAMPLE.TEST ,UAE,2025-12-04,enterprise
 c00984 , Demo   Contact 0984 , CONTACT0984@EXAMPLE.TEST , USA ,2025-01-05, Basic 
 c00985 , Demo   Contact 0985 , CONTACT0985@EXAMPLE.TEST ,United Kingdom,2025-02-06,PRO
 c00986 , Demo   Contact 0986 , CONTACT0986@EXAMPLE.TEST ,China,2025-03-07,enterprise
 c00987 , Demo   Contact 0987 , CONTACT0987@EXAMPLE.TEST ,UAE,2025-04-08, Basic 
 c00988 , Demo   Contact 0988 , CONTACT0988@EXAMPLE.TEST , USA ,2025-05-09,PRO
 c00989 , Demo   Contact 0989 , CONTACT0989@EXAMPLE.TEST ,United Kingdom,2025-06-10,enterprise
 c00990 , Demo   Contact 0990 , CONTACT0990@EXAMPLE.TEST ,China,2025-07-11, Basic 
 c00991 , Demo   Contact 0991 , CONTACT0991@EXAMPLE.TEST ,UAE,2025-08-12,PRO
 c00992 , Demo   Contact 0992 , CONTACT0992@EXAMPLE.TEST , USA ,2025-09-13,enterprise
 c00993 , Demo   Contact 0993 , CONTACT0993@EXAMPLE.TEST ,United Kingdom,2025-10-14, Basic 
 c00994 , Demo   Contact 0994 , CONTACT0994@EXAMPLE.TEST ,China,2025-11-15,PRO
 c00995 , Demo   Contact 0995 , CONTACT0995@EXAMPLE.TEST ,UAE,2025-12-16,enterprise
 c00996 , Demo   Contact 0996 , CONTACT0996@EXAMPLE.TEST , USA ,2025-01-17, Basic 
 c00997 , Demo   Contact 0997 , CONTACT0997@EXAMPLE.TEST ,United Kingdom,2025-02-18,PRO
 c00998 , Demo   Contact 0998 , CONTACT0998@EXAMPLE.TEST ,China,2025-03-19,enterprise
 c00999 , Demo   Contact 0999 , CONTACT0999@EXAMPLE.TEST ,UAE,2025-04-20, Basic 
 c01000 , Demo   Contact 1000 , CONTACT1000@EXAMPLE.TEST , USA ,2025-05-21,PRO
 c00101 , Demo   Contact 0101 , CONTACT0101@EXAMPLE.TEST ,United Kingdom,2025-06-18,enterprise
 c00102 , Demo   Contact 0102 , CONTACT0102@EXAMPLE.TEST ,China,2025-07-19, Basic 
 c00103 , Demo   Contact 0103 , CONTACT0103@EXAMPLE.TEST ,UAE,2025-08-20,PRO
 c00104 , Demo   Contact 0104 , CONTACT0104@EXAMPLE.TEST , USA ,2025-09-21,enterprise
 c00105 , Demo   Contact 0105 , CONTACT0105@EXAMPLE.TEST ,United Kingdom,2025-10-22, Basic 
 c00106 , Demo   Contact 0106 , CONTACT0106@EXAMPLE.TEST ,China,2025-11-23,PRO
 c00107 , Demo   Contact 0107 , CONTACT0107@EXAMPLE.TEST ,UAE,2025-12-24,enterprise
 c00108 , Demo   Contact 0108 , CONTACT0108@EXAMPLE.TEST , USA ,2025-01-25, Basic 
 c00109 , Demo   Contact 0109 , CONTACT0109@EXAMPLE.TEST ,United Kingdom,2025-02-26,PRO
 c00110 , Demo   Contact 0110 , CONTACT0110@EXAMPLE.TEST ,China,2025-03-27,enterprise
 c00111 , Demo   Contact 0111 , CONTACT0111@EXAMPLE.TEST ,UAE,2025-04-28, Basic 
 c00112 , Demo   Contact 0112 , CONTACT0112@EXAMPLE.TEST , USA ,2025-05-01,PRO
 c00113 , Demo   Contact 0113 , CONTACT0113@EXAMPLE.TEST ,United Kingdom,2025-06-02,enterprise
 c00114 , Demo   Contact 0114 , CONTACT0114@EXAMPLE.TEST ,China,2025-07-03, Basic 
 c00115 , Demo   Contact 0115 , CONTACT0115@EXAMPLE.TEST ,UAE,2025-08-04,PRO
 c00116 , Demo   Contact 0116 , CONTACT0116@EXAMPLE.TEST , USA ,2025-09-05,enterprise
 c00117 , Demo   Contact 0117 , CONTACT0117@EXAMPLE.TEST ,United Kingdom,2025-10-06, Basic 
 c00118 , Demo   Contact 0118 , CONTACT0118@EXAMPLE.TEST ,China,2025-11-07,PRO
 c00119 , Demo   Contact 0119 , CONTACT0119@EXAMPLE.TEST ,UAE,2025-12-08,enterprise
 c00120 , Demo   Contact 0120 , CONTACT0120@EXAMPLE.TEST , USA ,2025-01-09, Basic 
 c00121 , Demo   Contact 0121 , CONTACT0121@EXAMPLE.TEST ,United Kingdom,2025-02-10,PRO
 c00122 , Demo   Contact 0122 , CONTACT0122@EXAMPLE.TEST ,China,2025-03-11,enterprise
 c00123 , Demo   Contact 0123 , CONTACT0123@EXAMPLE.TEST ,UAE,2025-04-12, Basic 
 c00124 , Demo   Contact 0124 , CONTACT0124@EXAMPLE.TEST , USA ,2025-05-13,PRO
 c00125 , Demo   Contact 0125 , CONTACT0125@EXAMPLE.TEST ,United Kingdom,2025-06-14,enterprise
 c00126 , Demo   Contact 0126 , CONTACT0126@EXAMPLE.TEST ,China,2025-07-15, Basic 
 c00127 , Demo   Contact 0127 , CONTACT0127@EXAMPLE.TEST ,UAE,2025-08-16,PRO
 c00128 , Demo   Contact 0128 , CONTACT0128@EXAMPLE.TEST , USA ,2025-09-17,enterprise
 c00129 , Demo   Contact 0129 , CONTACT0129@EXAMPLE.TEST ,United Kingdom,2025-10-18, Basic 
 c00130 , Demo   Contact 0130 , CONTACT0130@EXAMPLE.TEST ,China,2025-11-19,PRO
 c00131 , Demo   Contact 0131 , CONTACT0131@EXAMPLE.TEST ,UAE,2025-12-20,enterprise
 c00132 , Demo   Contact 0132 , CONTACT0132@EXAMPLE.TEST , USA ,2025-01-21, Basic 
 c00133 , Demo   Contact 0133 , CONTACT0133@EXAMPLE.TEST ,United Kingdom,2025-02-22,PRO
 c00134 , Demo   Contact 0134 , CONTACT0134@EXAMPLE.TEST ,China,2025-03-23,enterprise
 c00135 , Demo   Contact 0135 , CONTACT0135@EXAMPLE.TEST ,UAE,2025-04-24, Basic 
 c00136 , Demo   Contact 0136 , CONTACT0136@EXAMPLE.TEST , USA ,2025-05-25,PRO
 c00137 , Demo   Contact 0137 , CONTACT0137@EXAMPLE.TEST ,United Kingdom,2025-06-26,enterprise
 c00138 , Demo   Contact 0138 , CONTACT0138@EXAMPLE.TEST ,China,2025-07-27, Basic 
 c00139 , Demo   Contact 0139 , CONTACT0139@EXAMPLE.TEST ,UAE,2025-08-28,PRO
 c00140 , Demo   Contact 0140 , CONTACT0140@EXAMPLE.TEST , USA ,2025-09-01,enterprise
 c00141 , Demo   Contact 0141 , CONTACT0141@EXAMPLE.TEST ,United Kingdom,2025-10-02, Basic 
 c00142 , Demo   Contact 0142 , CONTACT0142@EXAMPLE.TEST ,China,2025-11-03,PRO
 c00143 , Demo   Contact 0143 , CONTACT0143@EXAMPLE.TEST ,UAE,2025-12-04,enterprise
 c00144 , Demo   Contact 0144 , CONTACT0144@EXAMPLE.TEST , USA ,2025-01-05, Basic 
 c00145 , Demo   Contact 0145 , CONTACT0145@EXAMPLE.TEST ,United Kingdom,2025-02-06,PRO
 c00146 , Demo   Contact 0146 , CONTACT0146@EXAMPLE.TEST ,China,2025-03-07,enterprise
 c00147 , Demo   Contact 0147 , CONTACT0147@EXAMPLE.TEST ,UAE,2025-04-08, Basic 
 c00148 , Demo   Contact 0148 , CONTACT0148@EXAMPLE.TEST , USA ,2025-05-09,PRO
 c00149 , Demo   Contact 0149 , CONTACT0149@EXAMPLE.TEST ,United Kingdom,2025-06-10,enterprise
 c00150 , Demo   Contact 0150 , CONTACT0150@EXAMPLE.TEST ,China,2025-07-11, Basic 
 c00151 , Demo   Contact 0151 , CONTACT0151@EXAMPLE.TEST ,UAE,2025-08-12,PRO
 c00152 , Demo   Contact 0152 , CONTACT0152@EXAMPLE.TEST , USA ,2025-09-13,enterprise
 c00153 , Demo   Contact 0153 , CONTACT0153@EXAMPLE.TEST ,United Kingdom,2025-10-14, Basic 
 c00154 , Demo   Contact 0154 , CONTACT0154@EXAMPLE.TEST ,China,2025-11-15,PRO
 c00155 , Demo   Contact 0155 , CONTACT0155@EXAMPLE.TEST ,UAE,2025-12-16,enterprise
 c00156 , Demo   Contact 0156 , CONTACT0156@EXAMPLE.TEST , USA ,2025-01-17, Basic 
 c00157 , Demo   Contact 0157 , CONTACT0157@EXAMPLE.TEST ,United Kingdom,2025-02-18,PRO
 c00158 , Demo   Contact 0158 , CONTACT0158@EXAMPLE.TEST ,China,2025-03-19,enterprise
 c00159 , Demo   Contact 0159 , CONTACT0159@EXAMPLE.TEST ,UAE,2025-04-20, Basic 
 c00160 , Demo   Contact 0160 , CONTACT0160@EXAMPLE.TEST , USA ,2025-05-21,PRO
 c00161 , Demo   Contact 0161 , CONTACT0161@EXAMPLE.TEST ,United Kingdom,2025-06-22,enterprise
 c00162 , Demo   Contact 0162 , CONTACT0162@EXAMPLE.TEST ,China,2025-07-23, Basic 
 c00163 , Demo   Contact 0163 , CONTACT0163@EXAMPLE.TEST ,UAE,2025-08-24,PRO
 c00164 , Demo   Contact 0164 , CONTACT0164@EXAMPLE.TEST , USA ,2025-09-25,enterprise
 c00165 , Demo   Contact 0165 , CONTACT0165@EXAMPLE.TEST ,United Kingdom,2025-10-26, Basic 
 c00166 , Demo   Contact 0166 , CONTACT0166@EXAMPLE.TEST ,China,2025-11-27,PRO
 c00167 , Demo   Contact 0167 , CONTACT0167@EXAMPLE.TEST ,UAE,2025-12-28,enterprise
 c00168 , Demo   Contact 0168 , CONTACT0168@EXAMPLE.TEST , USA ,2025-01-01, Basic 
 c00169 , Demo   Contact 0169 , CONTACT0169@EXAMPLE.TEST ,United Kingdom,2025-02-02,PRO
 c00170 , Demo   Contact 0170 , CONTACT0170@EXAMPLE.TEST ,China,2025-03-03,enterprise
 c00171 , Demo   Contact 0171 , CONTACT0171@EXAMPLE.TEST ,UAE,2025-04-04, Basic 
 c00172 , Demo   Contact 0172 , CONTACT0172@EXAMPLE.TEST , USA ,2025-05-05,PRO
 c00173 , Demo   Contact 0173 , CONTACT0173@EXAMPLE.TEST ,United Kingdom,2025-06-06,enterprise
 c00174 , Demo   Contact 0174 , CONTACT0174@EXAMPLE.TEST ,China,2025-07-07, Basic 
 c00175 , Demo   Contact 0175 , CONTACT0175@EXAMPLE.TEST ,UAE,2025-08-08,PRO
 c00176 , Demo   Contact 0176 , CONTACT0176@EXAMPLE.TEST , USA ,2025-09-09,enterprise
 c00177 , Demo   Contact 0177 , CONTACT0177@EXAMPLE.TEST ,United Kingdom,2025-10-10, Basic 
 c00178 , Demo   Contact 0178 , CONTACT0178@EXAMPLE.TEST ,China,2025-11-11,PRO
 c00179 , Demo   Contact 0179 , CONTACT0179@EXAMPLE.TEST ,UAE,2025-12-12,enterprise
 c00180 , Demo   Contact 0180 , CONTACT0180@EXAMPLE.TEST , USA ,2025-01-13, Basic 
 c00181 , Demo   Contact 0181 , CONTACT0181@EXAMPLE.TEST ,United Kingdom,2025-02-14,PRO
 c00182 , Demo   Contact 0182 , CONTACT0182@EXAMPLE.TEST ,China,2025-03-15,enterprise
 c00183 , Demo   Contact 0183 , CONTACT0183@EXAMPLE.TEST ,UAE,2025-04-16, Basic 
 c00184 , Demo   Contact 0184 , CONTACT0184@EXAMPLE.TEST , USA ,2025-05-17,PRO
 c00185 , Demo   Contact 0185 , CONTACT0185@EXAMPLE.TEST ,United Kingdom,2025-06-18,enterprise
 c00186 , Demo   Contact 0186 , CONTACT0186@EXAMPLE.TEST ,China,2025-07-19, Basic 
 c00187 , Demo   Contact 0187 , CONTACT0187@EXAMPLE.TEST ,UAE,2025-08-20,PRO
 c00188 , Demo   Contact 0188 , CONTACT0188@EXAMPLE.TEST , USA ,2025-09-21,enterprise
 c00189 , Demo   Contact 0189 , CONTACT0189@EXAMPLE.TEST ,United Kingdom,2025-10-22, Basic 
 c00190 , Demo   Contact 0190 , CONTACT0190@EXAMPLE.TEST ,China,2025-11-23,PRO
 c00191 , Demo   Contact 0191 , CONTACT0191@EXAMPLE.TEST ,UAE,2025-12-24,enterprise
 c00192 , Demo   Contact 0192 , CONTACT0192@EXAMPLE.TEST , USA ,2025-01-25, Basic 
 c00193 , Demo   Contact 0193 , CONTACT0193@EXAMPLE.TEST ,United Kingdom,2025-02-26,PRO
 c00194 , Demo   Contact 0194 , CONTACT0194@EXAMPLE.TEST ,China,2025-03-27,enterprise
 c00195 , Demo   Contact 0195 , CONTACT0195@EXAMPLE.TEST ,UAE,2025-04-28, Basic 
 c00196 , Demo   Contact 0196 , CONTACT0196@EXAMPLE.TEST , USA ,2025-05-01,PRO
 c00197 , Demo   Contact 0197 , CONTACT0197@EXAMPLE.TEST ,United Kingdom,2025-06-02,enterprise
 c00198 , Demo   Contact 0198 , CONTACT0198@EXAMPLE.TEST ,China,2025-07-03, Basic 
 c00199 , Demo   Contact 0199 , CONTACT0199@EXAMPLE.TEST ,UAE,2025-08-04,PRO
 c00200 , Demo   Contact 0200 , CONTACT0200@EXAMPLE.TEST , USA ,2025-09-05,enterprise
 c00001 , Demo   Contact 0001 , CONTACT0001@EXAMPLE.TEST ,United Kingdom,2025-02-02,basic
 c00002 , Demo   Contact 0002 , CONTACT0002@EXAMPLE.TEST ,China,2025-03-03,basic
 c00003 , Demo   Contact 0003 , CONTACT0003@EXAMPLE.TEST ,UAE,2025-04-04,pro
 c00004 , Demo   Contact 0004 , CONTACT0004@EXAMPLE.TEST , USA ,2025-05-05,basic
 c00005 , Demo   Contact 0005 , CONTACT0005@EXAMPLE.TEST ,United Kingdom,2025-06-06,basic
 c00006 , Demo   Contact 0006 , CONTACT0006@EXAMPLE.TEST ,China,2025-07-07,pro
 c00007 , Demo   Contact 0007 , CONTACT0007@EXAMPLE.TEST ,UAE,2025-08-08,basic
 c00008 , Demo   Contact 0008 , CONTACT0008@EXAMPLE.TEST , USA ,2025-09-09,basic
 c00009 , Demo   Contact 0009 , CONTACT0009@EXAMPLE.TEST ,United Kingdom,2025-10-10,pro
 c00010 , Demo   Contact 0010 , CONTACT0010@EXAMPLE.TEST ,China,2025-11-11,basic
 c00011 , Demo   Contact 0011 , CONTACT0011@EXAMPLE.TEST ,UAE,2025-12-12,basic
 c00012 , Demo   Contact 0012 , CONTACT0012@EXAMPLE.TEST , USA ,2025-01-13,pro
 c00013 , Demo   Contact 0013 , CONTACT0013@EXAMPLE.TEST ,United Kingdom,2025-02-14,basic
 c00014 , Demo   Contact 0014 , CONTACT0014@EXAMPLE.TEST ,China,2025-03-15,basic
 c00015 , Demo   Contact 0015 , CONTACT0015@EXAMPLE.TEST ,UAE,2025-04-16,pro
 c00016 , Demo   Contact 0016 , CONTACT0016@EXAMPLE.TEST , USA ,2025-05-17,basic
 c00017 , Demo   Contact 0017 , CONTACT0017@EXAMPLE.TEST ,United Kingdom,2025-06-18,basic
 c00018 , Demo   Contact 0018 , CONTACT0018@EXAMPLE.TEST ,China,2025-07-19,pro
 c00019 , Demo   Contact 0019 , CONTACT0019@EXAMPLE.TEST ,UAE,2025-08-20,basic
 c00020 , Demo   Contact 0020 , CONTACT0020@EXAMPLE.TEST , USA ,2025-09-21,basic
, Demo   Contact 0251 , CONTACT0251@EXAMPLE.TEST ,UAE,2025-12-28,enterprise
, Demo   Contact 0252 , CONTACT0252@EXAMPLE.TEST , USA ,2025-01-01, Basic 
, Demo   Contact 0253 , CONTACT0253@EXAMPLE.TEST ,United Kingdom,2025-02-02,PRO
, Demo   Contact 0254 , CONTACT0254@EXAMPLE.TEST ,China,2025-03-03,enterprise
, Demo   Contact 0255 , CONTACT0255@EXAMPLE.TEST ,UAE,2025-04-04, Basic 
, Demo   Contact 0256 , CONTACT0256@EXAMPLE.TEST , USA ,2025-05-05,PRO
, Demo   Contact 0257 , CONTACT0257@EXAMPLE.TEST ,United Kingdom,2025-06-06,enterprise
, Demo   Contact 0258 , CONTACT0258@EXAMPLE.TEST ,China,2025-07-07, Basic 
, Demo   Contact 0259 , CONTACT0259@EXAMPLE.TEST ,UAE,2025-08-08,PRO
, Demo   Contact 0260 , CONTACT0260@EXAMPLE.TEST , USA ,2025-09-09,enterprise
, Demo   Contact 0261 , CONTACT0261@EXAMPLE.TEST ,United Kingdom,2025-10-10, Basic 
, Demo   Contact 0262 , CONTACT0262@EXAMPLE.TEST ,China,2025-11-11,PRO
, Demo   Contact 0263 , CONTACT0263@EXAMPLE.TEST ,UAE,2025-12-12,enterprise
, Demo   Contact 0264 , CONTACT0264@EXAMPLE.TEST , USA ,2025-01-13, Basic 
, Demo   Contact 0265 , CONTACT0265@EXAMPLE.TEST ,United Kingdom,2025-02-14,PRO
, Demo   Contact 0266 , CONTACT0266@EXAMPLE.TEST ,China,2025-03-15,enterprise
, Demo   Contact 0267 , CONTACT0267@EXAMPLE.TEST ,UAE,2025-04-16, Basic 
, Demo   Contact 0268 , CONTACT0268@EXAMPLE.TEST , USA ,2025-05-17,PRO
, Demo   Contact 0269 , CONTACT0269@EXAMPLE.TEST ,United Kingdom,2025-06-18,enterprise
, Demo   Contact 0270 , CONTACT0270@EXAMPLE.TEST ,China,2025-07-19, Basic 
C02021, Demo   Contact 0271 ,not-an-email,UAE,2025-08-20,PRO
C02022, Demo   Contact 0272 ,not-an-email, USA ,2025-09-21,enterprise
C02023, Demo   Contact 0273 ,not-an-email,United Kingdom,2025-10-22, Basic 
C02024, Demo   Contact 0274 ,not-an-email,China,2025-11-23,PRO
C02025, Demo   Contact 0275 ,not-an-email,UAE,2025-12-24,enterprise
C02026, Demo   Contact 0276 ,not-an-email, USA ,2025-01-25, Basic 
C02027, Demo   Contact 0277 ,not-an-email,United Kingdom,2025-02-26,PRO
C02028, Demo   Contact 0278 ,not-an-email,China,2025-03-27,enterprise
C02029, Demo   Contact 0279 ,not-an-email,UAE,2025-04-28, Basic 
C02030, Demo   Contact 0280 ,not-an-email, USA ,2025-05-01,PRO
C02031, Demo   Contact 0281 ,not-an-email,United Kingdom,2025-06-02,enterprise
C02032, Demo   Contact 0282 ,not-an-email,China,2025-07-03, Basic 
C02033, Demo   Contact 0283 ,not-an-email,UAE,2025-08-04,PRO
C02034, Demo   Contact 0284 ,not-an-email, USA ,2025-09-05,enterprise
C02035, Demo   Contact 0285 ,not-an-email,United Kingdom,2025-10-06, Basic 
C02036, Demo   Contact 0286 ,not-an-email,China,2025-11-07,PRO
C02037, Demo   Contact 0287 ,not-an-email,UAE,2025-12-08,enterprise
C02038, Demo   Contact 0288 ,not-an-email, USA ,2025-01-09, Basic 
C02039, Demo   Contact 0289 ,not-an-email,United Kingdom,2025-02-10,PRO
C02040, Demo   Contact 0290 ,not-an-email,China,2025-03-11,enterprise
C02041, Demo   Contact 0291 , CONTACT0291@EXAMPLE.TEST ,Unknownland,2025-04-12, Basic 
C02042, Demo   Contact 0292 , CONTACT0292@EXAMPLE.TEST ,Unknownland,2025-05-13,PRO
C02043, Demo   Contact 0293 , CONTACT0293@EXAMPLE.TEST ,Unknownland,2025-06-14,enterprise
C02044, Demo   Contact 0294 , CONTACT0294@EXAMPLE.TEST ,Unknownland,2025-07-15, Basic 
C02045, Demo   Contact 0295 , CONTACT0295@EXAMPLE.TEST ,Unknownland,2025-08-16,PRO
C02046, Demo   Contact 0296 , CONTACT0296@EXAMPLE.TEST ,Unknownland,2025-09-17,enterprise
C02047, Demo   Contact 0297 , CONTACT0297@EXAMPLE.TEST ,Unknownland,2025-10-18, Basic 
C02048, Demo   Contact 0298 , CONTACT0298@EXAMPLE.TEST ,Unknownland,2025-11-19,PRO
C02049, Demo   Contact 0299 , CONTACT0299@EXAMPLE.TEST ,Unknownland,2025-12-20,enterprise
C02050, Demo   Contact 0300 , CONTACT0300@EXAMPLE.TEST ,Unknownland,2025-01-21, Basic 
C02051, Demo   Contact 0301 , CONTACT0301@EXAMPLE.TEST ,Unknownland,2025-02-22,PRO
C02052, Demo   Contact 0302 , CONTACT0302@EXAMPLE.TEST ,Unknownland,2025-03-23,enterprise
C02053, Demo   Contact 0303 , CONTACT0303@EXAMPLE.TEST ,Unknownland,2025-04-24, Basic 
C02054, Demo   Contact 0304 , CONTACT0304@EXAMPLE.TEST ,Unknownland,2025-05-25,PRO
C02055, Demo   Contact 0305 , CONTACT0305@EXAMPLE.TEST ,Unknownland,2025-06-26,enterprise
C02056, Demo   Contact 0306 , CONTACT0306@EXAMPLE.TEST ,Unknownland,2025-07-27, Basic 
C02057, Demo   Contact 0307 , CONTACT0307@EXAMPLE.TEST ,Unknownland,2025-08-28,PRO
C02058, Demo   Contact 0308 , CONTACT0308@EXAMPLE.TEST ,Unknownland,2025-09-01,enterprise
C02059, Demo   Contact 0309 , CONTACT0309@EXAMPLE.TEST ,Unknownland,2025-10-02, Basic 
C02060, Demo   Contact 0310 , CONTACT0310@EXAMPLE.TEST ,Unknownland,2025-11-03,PRO
